system:index,Gpp,LAI,Npp,Npp_QC,Specie,date,elev,elev_code,lat,long,pies,radius_m,site_code,site_name,sp_code,.geo
2001_01_01_00000000000000000001,12670,1.84,7486,7,Pinus_nigra,2018-05-10T00:00:00Z,1646,medium,37.14336,-3.14902,39,9.0,PINIG_LANTEIRA_M,LANTEIRA_M,nigra,"{""type"":""Point"",""coordinates"":[-3.14901716394348,37.14335752757873]}"
2001_01_01_00000000000000000002,11764,1.29,7127,7,Pinus_nigra,2021-10-27T00:00:00Z,1585,low,37.14837,-3.14652,40,13.3,PINIG_LANTEIRA_L2,LANTEIRA_L2,nigra,"{""type"":""Point"",""coordinates"":[-3.14652006735355,37.1483695571628]}"
2001_01_01_00000000000000000003,12449,1.95,7149,11,Pinus_nigra,2020-10-06T00:00:00Z,1810,high,37.132,-3.147,41,8.9,PINIG_LANTEIRA_H,LANTEIRA_H,nigra,"{""type"":""Point"",""coordinates"":[-3.1470016502673217,37.1320001971956]}"
2001_01_01_00000000000000000004,8762,1.08,5911,7,Pinus_pinaster,2021-10-27T00:00:00Z,1433,low2,37.15454,-3.13756,37,12.1,PIPIN_LANTEIRA_L2,LANTERIA_L2,pinaster,"{""type"":""Point"",""coordinates"":[-3.137561733337176,37.15454095302077]}"
2001_01_01_00000000000000000005,11075,1.48,6653,11,Pinus_pinaster,2021-10-26T00:00:00Z,1353,low,37.18253,-3.17767,41,11.6,PIPIN_JEREZ_L,JEREZ_L,pinaster,"{""type"":""Point"",""coordinates"":[-3.177671347312922,37.18253073033325]}"
2001_01_01_00000000000000000006,14582,1.73,7838,5,Pinus_pinaster,2018-05-09T00:00:00Z,1605,medium,37.16089,-3.19681,33,11.0,PIPIN_JEREZ_M,JEREZ_M,pinaster,"{""type"":""Point"",""coordinates"":[-3.196805349933258,37.160890712920875]}"
2001_01_01_00000000000000000007,13305,1.94,7337,16,Pinus_pinaster,2020-10-06T00:00:00Z,1770,high,37.135,-3.198,40,9.0,PIPIN_JEREZ_H,JEREZ_H,pinaster,"{""type"":""Point"",""coordinates"":[-3.1980003890155833,37.13500117220457]}"
2001_01_01_00000000000000000000,9627,1.59,5943,7,Pinus_halepensis,2018-12-28T00:00:00Z,1212,medium,37.08871,-2.68649,41,10.0,PIHAL_NACIMIENTO_M,NAC_HALEPENSIS,halepensis,"{""type"":""Point"",""coordinates"":[-2.686487988972699,37.088711244168756]}"
2001_01_01_0000000000000000000b,4037,1.33,2450,16,Pinus_halepensis,2022-06-13T00:00:00Z,974,low,37.1101,-2.69854,41,8.7,PIHAL_NACIMIENTO_L,NAC_HALEPENSIS_2,halepensis,"{""type"":""Point"",""coordinates"":[-2.6985409391201634,37.11010155192212]}"
2001_01_01_0000000000000000000c,7481,1.36,5038,11,Pinus_halepensis,2022-06-15T00:00:00Z,1359,high,37.16982,-3.05232,40,11.3,PIHAL_RAGUA_H,RAG PIHA 3,halepensis,"{""type"":""Point"",""coordinates"":[-3.052321557599505,37.16981783322988]}"
2001_01_01_00000000000000000008,13755,3.11,8852,5,Pinus_sylvestris,2018-11-28T00:00:00Z,1633,low,36.95607,-3.30093,37,13.0,PISYL_PORTUGOS_L,PORTUGOS_L,sylvestris,"{""type"":""Point"",""coordinates"":[-3.3009298186322735,36.9560663651319]}"
2001_01_01_00000000000000000009,12978,3.36,8205,16,Pinus_sylvestris,2018-12-11T00:00:00Z,1748,medium,36.96002,-3.30361,47,9.0,PISYL_PORTUGOS_M,PORTUGOS_M,sylvestris,"{""type"":""Point"",""coordinates"":[-3.3036097383653944,36.96001712866525]}"
2001_01_01_0000000000000000000a,10331,3.63,6662,20,Pinus_sylvestris,2018-11-28T00:00:00Z,2000,high,36.96598,-3.31321,35,9.0,PISYL_PORTUGOS_H,PORTUGOS_H,sylvestris,"{""type"":""Point"",""coordinates"":[-3.313214642034517,36.9659789467737]}"
2002_01_01_00000000000000000001,13037,1.84,7906,5,Pinus_nigra,2018-05-10T00:00:00Z,1646,medium,37.14336,-3.14902,39,9.0,PINIG_LANTEIRA_M,LANTEIRA_M,nigra,"{""type"":""Point"",""coordinates"":[-3.14901716394348,37.14335752757873]}"
2002_01_01_00000000000000000002,12198,1.29,7542,3,Pinus_nigra,2021-10-27T00:00:00Z,1585,low,37.14837,-3.14652,40,13.3,PINIG_LANTEIRA_L2,LANTEIRA_L2,nigra,"{""type"":""Point"",""coordinates"":[-3.14652006735355,37.1483695571628]}"
2002_01_01_00000000000000000003,13002,1.95,7800,3,Pinus_nigra,2020-10-06T00:00:00Z,1810,high,37.132,-3.147,41,8.9,PINIG_LANTEIRA_H,LANTEIRA_H,nigra,"{""type"":""Point"",""coordinates"":[-3.1470016502673217,37.1320001971956]}"
2002_01_01_00000000000000000004,8324,1.08,5675,3,Pinus_pinaster,2021-10-27T00:00:00Z,1433,low2,37.15454,-3.13756,37,12.1,PIPIN_LANTEIRA_L2,LANTERIA_L2,pinaster,"{""type"":""Point"",""coordinates"":[-3.137561733337176,37.15454095302077]}"
2002_01_01_00000000000000000005,11499,1.48,7050,3,Pinus_pinaster,2021-10-26T00:00:00Z,1353,low,37.18253,-3.17767,41,11.6,PIPIN_JEREZ_L,JEREZ_L,pinaster,"{""type"":""Point"",""coordinates"":[-3.177671347312922,37.18253073033325]}"
2002_01_01_00000000000000000006,15170,1.73,8211,3,Pinus_pinaster,2018-05-09T00:00:00Z,1605,medium,37.16089,-3.19681,33,11.0,PIPIN_JEREZ_M,JEREZ_M,pinaster,"{""type"":""Point"",""coordinates"":[-3.196805349933258,37.160890712920875]}"
2002_01_01_00000000000000000007,14252,1.94,8214,5,Pinus_pinaster,2020-10-06T00:00:00Z,1770,high,37.135,-3.198,40,9.0,PIPIN_JEREZ_H,JEREZ_H,pinaster,"{""type"":""Point"",""coordinates"":[-3.1980003890155833,37.13500117220457]}"
2002_01_01_00000000000000000000,10783,1.59,6844,3,Pinus_halepensis,2018-12-28T00:00:00Z,1212,medium,37.08871,-2.68649,41,10.0,PIHAL_NACIMIENTO_M,NAC_HALEPENSIS,halepensis,"{""type"":""Point"",""coordinates"":[-2.686487988972699,37.088711244168756]}"
2002_01_01_0000000000000000000b,4849,1.33,3110,15,Pinus_halepensis,2022-06-13T00:00:00Z,974,low,37.1101,-2.69854,41,8.7,PIHAL_NACIMIENTO_L,NAC_HALEPENSIS_2,halepensis,"{""type"":""Point"",""coordinates"":[-2.6985409391201634,37.11010155192212]}"
2002_01_01_0000000000000000000c,7528,1.36,5082,11,Pinus_halepensis,2022-06-15T00:00:00Z,1359,high,37.16982,-3.05232,40,11.3,PIHAL_RAGUA_H,RAG PIHA 3,halepensis,"{""type"":""Point"",""coordinates"":[-3.052321557599505,37.16981783322988]}"
2002_01_01_00000000000000000008,14831,3.11,9654,14,Pinus_sylvestris,2018-11-28T00:00:00Z,1633,low,36.95607,-3.30093,37,13.0,PISYL_PORTUGOS_L,PORTUGOS_L,sylvestris,"{""type"":""Point"",""coordinates"":[-3.3009298186322735,36.9560663651319]}"
2002_01_01_00000000000000000009,13243,3.36,8587,18,Pinus_sylvestris,2018-12-11T00:00:00Z,1748,medium,36.96002,-3.30361,47,9.0,PISYL_PORTUGOS_M,PORTUGOS_M,sylvestris,"{""type"":""Point"",""coordinates"":[-3.3036097383653944,36.96001712866525]}"
2002_01_01_0000000000000000000a,11009,3.63,7191,24,Pinus_sylvestris,2018-11-28T00:00:00Z,2000,high,36.96598,-3.31321,35,9.0,PISYL_PORTUGOS_H,PORTUGOS_H,sylvestris,"{""type"":""Point"",""coordinates"":[-3.313214642034517,36.9659789467737]}"
2003_01_01_00000000000000000001,11752,1.84,6714,11,Pinus_nigra,2018-05-10T00:00:00Z,1646,medium,37.14336,-3.14902,39,9.0,PINIG_LANTEIRA_M,LANTEIRA_M,nigra,"{""type"":""Point"",""coordinates"":[-3.14901716394348,37.14335752757873]}"
2003_01_01_00000000000000000002,11185,1.29,6622,5,Pinus_nigra,2021-10-27T00:00:00Z,1585,low,37.14837,-3.14652,40,13.3,PINIG_LANTEIRA_L2,LANTEIRA_L2,nigra,"{""type"":""Point"",""coordinates"":[-3.14652006735355,37.1483695571628]}"
2003_01_01_00000000000000000003,11806,1.95,6516,17,Pinus_nigra,2020-10-06T00:00:00Z,1810,high,37.132,-3.147,41,8.9,PINIG_LANTEIRA_H,LANTEIRA_H,nigra,"{""type"":""Point"",""coordinates"":[-3.1470016502673217,37.1320001971956]}"
2003_01_01_00000000000000000004,8207,1.08,5481,7,Pinus_pinaster,2021-10-27T00:00:00Z,1433,low2,37.15454,-3.13756,37,12.1,PIPIN_LANTEIRA_L2,LANTERIA_L2,pinaster,"{""type"":""Point"",""coordinates"":[-3.137561733337176,37.15454095302077]}"
2003_01_01_00000000000000000005,10338,1.48,6110,0,Pinus_pinaster,2021-10-26T00:00:00Z,1353,low,37.18253,-3.17767,41,11.6,PIPIN_JEREZ_L,JEREZ_L,pinaster,"{""type"":""Point"",""coordinates"":[-3.177671347312922,37.18253073033325]}"
2003_01_01_00000000000000000006,13614,1.73,6925,14,Pinus_pinaster,2018-05-09T00:00:00Z,1605,medium,37.16089,-3.19681,33,11.0,PIPIN_JEREZ_M,JEREZ_M,pinaster,"{""type"":""Point"",""coordinates"":[-3.196805349933258,37.160890712920875]}"
2003_01_01_00000000000000000007,12957,1.94,7046,17,Pinus_pinaster,2020-10-06T00:00:00Z,1770,high,37.135,-3.198,40,9.0,PIPIN_JEREZ_H,JEREZ_H,pinaster,"{""type"":""Point"",""coordinates"":[-3.1980003890155833,37.13500117220457]}"
2003_01_01_00000000000000000000,9226,1.59,5541,5,Pinus_halepensis,2018-12-28T00:00:00Z,1212,medium,37.08871,-2.68649,41,10.0,PIHAL_NACIMIENTO_M,NAC_HALEPENSIS,halepensis,"{""type"":""Point"",""coordinates"":[-2.686487988972699,37.088711244168756]}"
2003_01_01_0000000000000000000b,4345,1.33,2676,14,Pinus_halepensis,2022-06-13T00:00:00Z,974,low,37.1101,-2.69854,41,8.7,PIHAL_NACIMIENTO_L,NAC_HALEPENSIS_2,halepensis,"{""type"":""Point"",""coordinates"":[-2.6985409391201634,37.11010155192212]}"
2003_01_01_0000000000000000000c,7824,1.36,5192,9,Pinus_halepensis,2022-06-15T00:00:00Z,1359,high,37.16982,-3.05232,40,11.3,PIHAL_RAGUA_H,RAG PIHA 3,halepensis,"{""type"":""Point"",""coordinates"":[-3.052321557599505,37.16981783322988]}"
2003_01_01_00000000000000000008,14046,3.11,8897,14,Pinus_sylvestris,2018-11-28T00:00:00Z,1633,low,36.95607,-3.30093,37,13.0,PISYL_PORTUGOS_L,PORTUGOS_L,sylvestris,"{""type"":""Point"",""coordinates"":[-3.3009298186322735,36.9560663651319]}"
2003_01_01_00000000000000000009,13241,3.36,8210,14,Pinus_sylvestris,2018-12-11T00:00:00Z,1748,medium,36.96002,-3.30361,47,9.0,PISYL_PORTUGOS_M,PORTUGOS_M,sylvestris,"{""type"":""Point"",""coordinates"":[-3.3036097383653944,36.96001712866525]}"
2003_01_01_0000000000000000000a,10340,3.63,6550,26,Pinus_sylvestris,2018-11-28T00:00:00Z,2000,high,36.96598,-3.31321,35,9.0,PISYL_PORTUGOS_H,PORTUGOS_H,sylvestris,"{""type"":""Point"",""coordinates"":[-3.313214642034517,36.9659789467737]}"
2004_01_01_00000000000000000001,13808,1.84,8232,3,Pinus_nigra,2018-05-10T00:00:00Z,1646,medium,37.14336,-3.14902,39,9.0,PINIG_LANTEIRA_M,LANTEIRA_M,nigra,"{""type"":""Point"",""coordinates"":[-3.14901716394348,37.14335752757873]}"
2004_01_01_00000000000000000002,12721,1.29,7759,3,Pinus_nigra,2021-10-27T00:00:00Z,1585,low,37.14837,-3.14652,40,13.3,PINIG_LANTEIRA_L2,LANTEIRA_L2,nigra,"{""type"":""Point"",""coordinates"":[-3.14652006735355,37.1483695571628]}"
2004_01_01_00000000000000000003,13240,1.95,7863,7,Pinus_nigra,2020-10-06T00:00:00Z,1810,high,37.132,-3.147,41,8.9,PINIG_LANTEIRA_H,LANTEIRA_H,nigra,"{""type"":""Point"",""coordinates"":[-3.1470016502673217,37.1320001971956]}"
2004_01_01_00000000000000000004,9523,1.08,6407,7,Pinus_pinaster,2021-10-27T00:00:00Z,1433,low2,37.15454,-3.13756,37,12.1,PIPIN_LANTEIRA_L2,LANTERIA_L2,pinaster,"{""type"":""Point"",""coordinates"":[-3.137561733337176,37.15454095302077]}"
2004_01_01_00000000000000000005,12377,1.48,7520,5,Pinus_pinaster,2021-10-26T00:00:00Z,1353,low,37.18253,-3.17767,41,11.6,PIPIN_JEREZ_L,JEREZ_L,pinaster,"{""type"":""Point"",""coordinates"":[-3.177671347312922,37.18253073033325]}"
2004_01_01_00000000000000000006,16285,1.73,8713,5,Pinus_pinaster,2018-05-09T00:00:00Z,1605,medium,37.16089,-3.19681,33,11.0,PIPIN_JEREZ_M,JEREZ_M,pinaster,"{""type"":""Point"",""coordinates"":[-3.196805349933258,37.160890712920875]}"
2004_01_01_00000000000000000007,14563,1.94,7772,11,Pinus_pinaster,2020-10-06T00:00:00Z,1770,high,37.135,-3.198,40,9.0,PIPIN_JEREZ_H,JEREZ_H,pinaster,"{""type"":""Point"",""coordinates"":[-3.1980003890155833,37.13500117220457]}"
2004_01_01_00000000000000000000,11335,1.59,7024,3,Pinus_halepensis,2018-12-28T00:00:00Z,1212,medium,37.08871,-2.68649,41,10.0,PIHAL_NACIMIENTO_M,NAC_HALEPENSIS,halepensis,"{""type"":""Point"",""coordinates"":[-2.686487988972699,37.088711244168756]}"
2004_01_01_0000000000000000000b,6308,1.33,3917,9,Pinus_halepensis,2022-06-13T00:00:00Z,974,low,37.1101,-2.69854,41,8.7,PIHAL_NACIMIENTO_L,NAC_HALEPENSIS_2,halepensis,"{""type"":""Point"",""coordinates"":[-2.6985409391201634,37.11010155192212]}"
2004_01_01_0000000000000000000c,8433,1.36,5667,0,Pinus_halepensis,2022-06-15T00:00:00Z,1359,high,37.16982,-3.05232,40,11.3,PIHAL_RAGUA_H,RAG PIHA 3,halepensis,"{""type"":""Point"",""coordinates"":[-3.052321557599505,37.16981783322988]}"
2004_01_01_00000000000000000008,15740,3.11,10084,16,Pinus_sylvestris,2018-11-28T00:00:00Z,1633,low,36.95607,-3.30093,37,13.0,PISYL_PORTUGOS_L,PORTUGOS_L,sylvestris,"{""type"":""Point"",""coordinates"":[-3.3009298186322735,36.9560663651319]}"
2004_01_01_00000000000000000009,14115,3.36,8876,14,Pinus_sylvestris,2018-12-11T00:00:00Z,1748,medium,36.96002,-3.30361,47,9.0,PISYL_PORTUGOS_M,PORTUGOS_M,sylvestris,"{""type"":""Point"",""coordinates"":[-3.3036097383653944,36.96001712866525]}"
2004_01_01_0000000000000000000a,11580,3.63,7412,28,Pinus_sylvestris,2018-11-28T00:00:00Z,2000,high,36.96598,-3.31321,35,9.0,PISYL_PORTUGOS_H,PORTUGOS_H,sylvestris,"{""type"":""Point"",""coordinates"":[-3.313214642034517,36.9659789467737]}"
2005_01_01_00000000000000000001,11247,1.84,6289,3,Pinus_nigra,2018-05-10T00:00:00Z,1646,medium,37.14336,-3.14902,39,9.0,PINIG_LANTEIRA_M,LANTEIRA_M,nigra,"{""type"":""Point"",""coordinates"":[-3.14901716394348,37.14335752757873]}"
2005_01_01_00000000000000000002,10480,1.29,5957,3,Pinus_nigra,2021-10-27T00:00:00Z,1585,low,37.14837,-3.14652,40,13.3,PINIG_LANTEIRA_L2,LANTEIRA_L2,nigra,"{""type"":""Point"",""coordinates"":[-3.14652006735355,37.1483695571628]}"
2005_01_01_00000000000000000003,10801,1.95,6064,9,Pinus_nigra,2020-10-06T00:00:00Z,1810,high,37.132,-3.147,41,8.9,PINIG_LANTEIRA_H,LANTEIRA_H,nigra,"{""type"":""Point"",""coordinates"":[-3.1470016502673217,37.1320001971956]}"
2005_01_01_00000000000000000004,7955,1.08,5189,9,Pinus_pinaster,2021-10-27T00:00:00Z,1433,low2,37.15454,-3.13756,37,12.1,PIPIN_LANTEIRA_L2,LANTERIA_L2,pinaster,"{""type"":""Point"",""coordinates"":[-3.137561733337176,37.15454095302077]}"
2005_01_01_00000000000000000005,9647,1.48,5566,8,Pinus_pinaster,2021-10-26T00:00:00Z,1353,low,37.18253,-3.17767,41,11.6,PIPIN_JEREZ_L,JEREZ_L,pinaster,"{""type"":""Point"",""coordinates"":[-3.177671347312922,37.18253073033325]}"
2005_01_01_00000000000000000006,13184,1.73,6580,11,Pinus_pinaster,2018-05-09T00:00:00Z,1605,medium,37.16089,-3.19681,33,11.0,PIPIN_JEREZ_M,JEREZ_M,pinaster,"{""type"":""Point"",""coordinates"":[-3.196805349933258,37.160890712920875]}"
2005_01_01_00000000000000000007,11930,1.94,6490,7,Pinus_pinaster,2020-10-06T00:00:00Z,1770,high,37.135,-3.198,40,9.0,PIPIN_JEREZ_H,JEREZ_H,pinaster,"{""type"":""Point"",""coordinates"":[-3.1980003890155833,37.13500117220457]}"
2005_01_01_00000000000000000000,10439,1.59,6353,7,Pinus_halepensis,2018-12-28T00:00:00Z,1212,medium,37.08871,-2.68649,41,10.0,PIHAL_NACIMIENTO_M,NAC_HALEPENSIS,halepensis,"{""type"":""Point"",""coordinates"":[-2.686487988972699,37.088711244168756]}"
2005_01_01_0000000000000000000b,4928,1.33,3024,15,Pinus_halepensis,2022-06-13T00:00:00Z,974,low,37.1101,-2.69854,41,8.7,PIHAL_NACIMIENTO_L,NAC_HALEPENSIS_2,halepensis,"{""type"":""Point"",""coordinates"":[-2.6985409391201634,37.11010155192212]}"
2005_01_01_0000000000000000000c,7392,1.36,4839,11,Pinus_halepensis,2022-06-15T00:00:00Z,1359,high,37.16982,-3.05232,40,11.3,PIHAL_RAGUA_H,RAG PIHA 3,halepensis,"{""type"":""Point"",""coordinates"":[-3.052321557599505,37.16981783322988]}"
2005_01_01_00000000000000000008,13449,3.11,8413,16,Pinus_sylvestris,2018-11-28T00:00:00Z,1633,low,36.95607,-3.30093,37,13.0,PISYL_PORTUGOS_L,PORTUGOS_L,sylvestris,"{""type"":""Point"",""coordinates"":[-3.3009298186322735,36.9560663651319]}"
2005_01_01_00000000000000000009,12743,3.36,7907,18,Pinus_sylvestris,2018-12-11T00:00:00Z,1748,medium,36.96002,-3.30361,47,9.0,PISYL_PORTUGOS_M,PORTUGOS_M,sylvestris,"{""type"":""Point"",""coordinates"":[-3.3036097383653944,36.96001712866525]}"
2005_01_01_0000000000000000000a,10191,3.63,6395,22,Pinus_sylvestris,2018-11-28T00:00:00Z,2000,high,36.96598,-3.31321,35,9.0,PISYL_PORTUGOS_H,PORTUGOS_H,sylvestris,"{""type"":""Point"",""coordinates"":[-3.313214642034517,36.9659789467737]}"
2006_01_01_00000000000000000001,11999,1.84,6939,11,Pinus_nigra,2018-05-10T00:00:00Z,1646,medium,37.14336,-3.14902,39,9.0,PINIG_LANTEIRA_M,LANTEIRA_M,nigra,"{""type"":""Point"",""coordinates"":[-3.14901716394348,37.14335752757873]}"
2006_01_01_00000000000000000002,11130,1.29,6630,6,Pinus_nigra,2021-10-27T00:00:00Z,1585,low,37.14837,-3.14652,40,13.3,PINIG_LANTEIRA_L2,LANTEIRA_L2,nigra,"{""type"":""Point"",""coordinates"":[-3.14652006735355,37.1483695571628]}"
2006_01_01_00000000000000000003,11941,1.95,6672,11,Pinus_nigra,2020-10-06T00:00:00Z,1810,high,37.132,-3.147,41,8.9,PINIG_LANTEIRA_H,LANTEIRA_H,nigra,"{""type"":""Point"",""coordinates"":[-3.1470016502673217,37.1320001971956]}"
2006_01_01_00000000000000000004,8296,1.08,5535,7,Pinus_pinaster,2021-10-27T00:00:00Z,1433,low2,37.15454,-3.13756,37,12.1,PIPIN_LANTEIRA_L2,LANTERIA_L2,pinaster,"{""type"":""Point"",""coordinates"":[-3.137561733337176,37.15454095302077]}"
2006_01_01_00000000000000000005,9959,1.48,5892,5,Pinus_pinaster,2021-10-26T00:00:00Z,1353,low,37.18253,-3.17767,41,11.6,PIPIN_JEREZ_L,JEREZ_L,pinaster,"{""type"":""Point"",""coordinates"":[-3.177671347312922,37.18253073033325]}"
2006_01_01_00000000000000000006,13679,1.73,7091,18,Pinus_pinaster,2018-05-09T00:00:00Z,1605,medium,37.16089,-3.19681,33,11.0,PIPIN_JEREZ_M,JEREZ_M,pinaster,"{""type"":""Point"",""coordinates"":[-3.196805349933258,37.160890712920875]}"
2006_01_01_00000000000000000007,12683,1.94,6964,9,Pinus_pinaster,2020-10-06T00:00:00Z,1770,high,37.135,-3.198,40,9.0,PIPIN_JEREZ_H,JEREZ_H,pinaster,"{""type"":""Point"",""coordinates"":[-3.1980003890155833,37.13500117220457]}"
2006_01_01_00000000000000000000,10111,1.59,6087,5,Pinus_halepensis,2018-12-28T00:00:00Z,1212,medium,37.08871,-2.68649,41,10.0,PIHAL_NACIMIENTO_M,NAC_HALEPENSIS,halepensis,"{""type"":""Point"",""coordinates"":[-2.686487988972699,37.088711244168756]}"
2006_01_01_0000000000000000000b,4584,1.33,2780,14,Pinus_halepensis,2022-06-13T00:00:00Z,974,low,37.1101,-2.69854,41,8.7,PIHAL_NACIMIENTO_L,NAC_HALEPENSIS_2,halepensis,"{""type"":""Point"",""coordinates"":[-2.6985409391201634,37.11010155192212]}"
2006_01_01_0000000000000000000c,7519,1.36,4996,14,Pinus_halepensis,2022-06-15T00:00:00Z,1359,high,37.16982,-3.05232,40,11.3,PIHAL_RAGUA_H,RAG PIHA 3,halepensis,"{""type"":""Point"",""coordinates"":[-3.052321557599505,37.16981783322988]}"
2006_01_01_00000000000000000008,14001,3.11,8978,22,Pinus_sylvestris,2018-11-28T00:00:00Z,1633,low,36.95607,-3.30093,37,13.0,PISYL_PORTUGOS_L,PORTUGOS_L,sylvestris,"{""type"":""Point"",""coordinates"":[-3.3009298186322735,36.9560663651319]}"
2006_01_01_00000000000000000009,13386,3.36,8411,27,Pinus_sylvestris,2018-12-11T00:00:00Z,1748,medium,36.96002,-3.30361,47,9.0,PISYL_PORTUGOS_M,PORTUGOS_M,sylvestris,"{""type"":""Point"",""coordinates"":[-3.3036097383653944,36.96001712866525]}"
2006_01_01_0000000000000000000a,10086,3.63,6328,27,Pinus_sylvestris,2018-11-28T00:00:00Z,2000,high,36.96598,-3.31321,35,9.0,PISYL_PORTUGOS_H,PORTUGOS_H,sylvestris,"{""type"":""Point"",""coordinates"":[-3.313214642034517,36.9659789467737]}"
2007_01_01_00000000000000000001,13124,1.84,8063,0,Pinus_nigra,2018-05-10T00:00:00Z,1646,medium,37.14336,-3.14902,39,9.0,PINIG_LANTEIRA_M,LANTEIRA_M,nigra,"{""type"":""Point"",""coordinates"":[-3.14901716394348,37.14335752757873]}"
2007_01_01_00000000000000000002,12218,1.29,7679,0,Pinus_nigra,2021-10-27T00:00:00Z,1585,low,37.14837,-3.14652,40,13.3,PINIG_LANTEIRA_L2,LANTEIRA_L2,nigra,"{""type"":""Point"",""coordinates"":[-3.14652006735355,37.1483695571628]}"
2007_01_01_00000000000000000003,14046,1.95,8355,11,Pinus_nigra,2020-10-06T00:00:00Z,1810,high,37.132,-3.147,41,8.9,PINIG_LANTEIRA_H,LANTEIRA_H,nigra,"{""type"":""Point"",""coordinates"":[-3.1470016502673217,37.1320001971956]}"
2007_01_01_00000000000000000004,8912,1.08,6114,3,Pinus_pinaster,2021-10-27T00:00:00Z,1433,low2,37.15454,-3.13756,37,12.1,PIPIN_LANTEIRA_L2,LANTERIA_L2,pinaster,"{""type"":""Point"",""coordinates"":[-3.137561733337176,37.15454095302077]}"
2007_01_01_00000000000000000005,11417,1.48,7130,7,Pinus_pinaster,2021-10-26T00:00:00Z,1353,low,37.18253,-3.17767,41,11.6,PIPIN_JEREZ_L,JEREZ_L,pinaster,"{""type"":""Point"",""coordinates"":[-3.177671347312922,37.18253073033325]}"
2007_01_01_00000000000000000006,15013,1.73,8664,3,Pinus_pinaster,2018-05-09T00:00:00Z,1605,medium,37.16089,-3.19681,33,11.0,PIPIN_JEREZ_M,JEREZ_M,pinaster,"{""type"":""Point"",""coordinates"":[-3.196805349933258,37.160890712920875]}"
2007_01_01_00000000000000000007,13972,1.94,8260,11,Pinus_pinaster,2020-10-06T00:00:00Z,1770,high,37.135,-3.198,40,9.0,PIPIN_JEREZ_H,JEREZ_H,pinaster,"{""type"":""Point"",""coordinates"":[-3.1980003890155833,37.13500117220457]}"
2007_01_01_00000000000000000000,10784,1.59,6868,3,Pinus_halepensis,2018-12-28T00:00:00Z,1212,medium,37.08871,-2.68649,41,10.0,PIHAL_NACIMIENTO_M,NAC_HALEPENSIS,halepensis,"{""type"":""Point"",""coordinates"":[-2.686487988972699,37.088711244168756]}"
2007_01_01_0000000000000000000b,4817,1.33,3049,11,Pinus_halepensis,2022-06-13T00:00:00Z,974,low,37.1101,-2.69854,41,8.7,PIHAL_NACIMIENTO_L,NAC_HALEPENSIS_2,halepensis,"{""type"":""Point"",""coordinates"":[-2.6985409391201634,37.11010155192212]}"
2007_01_01_0000000000000000000c,8549,1.36,5846,7,Pinus_halepensis,2022-06-15T00:00:00Z,1359,high,37.16982,-3.05232,40,11.3,PIHAL_RAGUA_H,RAG PIHA 3,halepensis,"{""type"":""Point"",""coordinates"":[-3.052321557599505,37.16981783322988]}"
2007_01_01_00000000000000000008,13962,3.11,9202,17,Pinus_sylvestris,2018-11-28T00:00:00Z,1633,low,36.95607,-3.30093,37,13.0,PISYL_PORTUGOS_L,PORTUGOS_L,sylvestris,"{""type"":""Point"",""coordinates"":[-3.3009298186322735,36.9560663651319]}"
2007_01_01_00000000000000000009,13058,3.36,8445,14,Pinus_sylvestris,2018-12-11T00:00:00Z,1748,medium,36.96002,-3.30361,47,9.0,PISYL_PORTUGOS_M,PORTUGOS_M,sylvestris,"{""type"":""Point"",""coordinates"":[-3.3036097383653944,36.96001712866525]}"
2007_01_01_0000000000000000000a,11258,3.63,7383,11,Pinus_sylvestris,2018-11-28T00:00:00Z,2000,high,36.96598,-3.31321,35,9.0,PISYL_PORTUGOS_H,PORTUGOS_H,sylvestris,"{""type"":""Point"",""coordinates"":[-3.313214642034517,36.9659789467737]}"
2008_01_01_00000000000000000001,11734,1.84,7132,9,Pinus_nigra,2018-05-10T00:00:00Z,1646,medium,37.14336,-3.14902,39,9.0,PINIG_LANTEIRA_M,LANTEIRA_M,nigra,"{""type"":""Point"",""coordinates"":[-3.14901716394348,37.14335752757873]}"
2008_01_01_00000000000000000002,10554,1.29,6548,5,Pinus_nigra,2021-10-27T00:00:00Z,1585,low,37.14837,-3.14652,40,13.3,PINIG_LANTEIRA_L2,LANTEIRA_L2,nigra,"{""type"":""Point"",""coordinates"":[-3.14652006735355,37.1483695571628]}"
2008_01_01_00000000000000000003,12261,1.95,7263,13,Pinus_nigra,2020-10-06T00:00:00Z,1810,high,37.132,-3.147,41,8.9,PINIG_LANTEIRA_H,LANTEIRA_H,nigra,"{""type"":""Point"",""coordinates"":[-3.1470016502673217,37.1320001971956]}"
2008_01_01_00000000000000000004,7723,1.08,5235,16,Pinus_pinaster,2021-10-27T00:00:00Z,1433,low2,37.15454,-3.13756,37,12.1,PIPIN_LANTEIRA_L2,LANTERIA_L2,pinaster,"{""type"":""Point"",""coordinates"":[-3.137561733337176,37.15454095302077]}"
2008_01_01_00000000000000000005,10057,1.48,6169,5,Pinus_pinaster,2021-10-26T00:00:00Z,1353,low,37.18253,-3.17767,41,11.6,PIPIN_JEREZ_L,JEREZ_L,pinaster,"{""type"":""Point"",""coordinates"":[-3.177671347312922,37.18253073033325]}"
2008_01_01_00000000000000000006,13404,1.73,7678,20,Pinus_pinaster,2018-05-09T00:00:00Z,1605,medium,37.16089,-3.19681,33,11.0,PIPIN_JEREZ_M,JEREZ_M,pinaster,"{""type"":""Point"",""coordinates"":[-3.196805349933258,37.160890712920875]}"
2008_01_01_00000000000000000007,12294,1.94,7359,18,Pinus_pinaster,2020-10-06T00:00:00Z,1770,high,37.135,-3.198,40,9.0,PIPIN_JEREZ_H,JEREZ_H,pinaster,"{""type"":""Point"",""coordinates"":[-3.1980003890155833,37.13500117220457]}"
2008_01_01_00000000000000000000,10263,1.59,6373,5,Pinus_halepensis,2018-12-28T00:00:00Z,1212,medium,37.08871,-2.68649,41,10.0,PIHAL_NACIMIENTO_M,NAC_HALEPENSIS,halepensis,"{""type"":""Point"",""coordinates"":[-2.686487988972699,37.088711244168756]}"
2008_01_01_0000000000000000000b,3916,1.33,2440,16,Pinus_halepensis,2022-06-13T00:00:00Z,974,low,37.1101,-2.69854,41,8.7,PIHAL_NACIMIENTO_L,NAC_HALEPENSIS_2,halepensis,"{""type"":""Point"",""coordinates"":[-2.6985409391201634,37.11010155192212]}"
2008_01_01_0000000000000000000c,7045,1.36,4746,11,Pinus_halepensis,2022-06-15T00:00:00Z,1359,high,37.16982,-3.05232,40,11.3,PIHAL_RAGUA_H,RAG PIHA 3,halepensis,"{""type"":""Point"",""coordinates"":[-3.052321557599505,37.16981783322988]}"
2008_01_01_00000000000000000008,13357,3.11,8683,15,Pinus_sylvestris,2018-11-28T00:00:00Z,1633,low,36.95607,-3.30093,37,13.0,PISYL_PORTUGOS_L,PORTUGOS_L,sylvestris,"{""type"":""Point"",""coordinates"":[-3.3009298186322735,36.9560663651319]}"
2008_01_01_00000000000000000009,12668,3.36,8048,13,Pinus_sylvestris,2018-12-11T00:00:00Z,1748,medium,36.96002,-3.30361,47,9.0,PISYL_PORTUGOS_M,PORTUGOS_M,sylvestris,"{""type"":""Point"",""coordinates"":[-3.3036097383653944,36.96001712866525]}"
2008_01_01_0000000000000000000a,10308,3.63,6630,28,Pinus_sylvestris,2018-11-28T00:00:00Z,2000,high,36.96598,-3.31321,35,9.0,PISYL_PORTUGOS_H,PORTUGOS_H,sylvestris,"{""type"":""Point"",""coordinates"":[-3.313214642034517,36.9659789467737]}"
2009_01_01_00000000000000000001,11530,1.84,6735,0,Pinus_nigra,2018-05-10T00:00:00Z,1646,medium,37.14336,-3.14902,39,9.0,PINIG_LANTEIRA_M,LANTEIRA_M,nigra,"{""type"":""Point"",""coordinates"":[-3.14901716394348,37.14335752757873]}"
2009_01_01_00000000000000000002,10538,1.29,6344,3,Pinus_nigra,2021-10-27T00:00:00Z,1585,low,37.14837,-3.14652,40,13.3,PINIG_LANTEIRA_L2,LANTEIRA_L2,nigra,"{""type"":""Point"",""coordinates"":[-3.14652006735355,37.1483695571628]}"
2009_01_01_00000000000000000003,12364,1.95,6936,9,Pinus_nigra,2020-10-06T00:00:00Z,1810,high,37.132,-3.147,41,8.9,PINIG_LANTEIRA_H,LANTEIRA_H,nigra,"{""type"":""Point"",""coordinates"":[-3.1470016502673217,37.1320001971956]}"
2009_01_01_00000000000000000004,7707,1.08,5105,14,Pinus_pinaster,2021-10-27T00:00:00Z,1433,low2,37.15454,-3.13756,37,12.1,PIPIN_LANTEIRA_L2,LANTERIA_L2,pinaster,"{""type"":""Point"",""coordinates"":[-3.137561733337176,37.15454095302077]}"
2009_01_01_00000000000000000005,9942,1.48,5886,7,Pinus_pinaster,2021-10-26T00:00:00Z,1353,low,37.18253,-3.17767,41,11.6,PIPIN_JEREZ_L,JEREZ_L,pinaster,"{""type"":""Point"",""coordinates"":[-3.177671347312922,37.18253073033325]}"
2009_01_01_00000000000000000006,14070,1.73,7052,7,Pinus_pinaster,2018-05-09T00:00:00Z,1605,medium,37.16089,-3.19681,33,11.0,PIPIN_JEREZ_M,JEREZ_M,pinaster,"{""type"":""Point"",""coordinates"":[-3.196805349933258,37.160890712920875]}"
2009_01_01_00000000000000000007,12111,1.94,6549,16,Pinus_pinaster,2020-10-06T00:00:00Z,1770,high,37.135,-3.198,40,9.0,PIPIN_JEREZ_H,JEREZ_H,pinaster,"{""type"":""Point"",""coordinates"":[-3.1980003890155833,37.13500117220457]}"
2009_01_01_00000000000000000000,10598,1.59,6423,3,Pinus_halepensis,2018-12-28T00:00:00Z,1212,medium,37.08871,-2.68649,41,10.0,PIHAL_NACIMIENTO_M,NAC_HALEPENSIS,halepensis,"{""type"":""Point"",""coordinates"":[-2.686487988972699,37.088711244168756]}"
2009_01_01_0000000000000000000b,5086,1.33,3162,8,Pinus_halepensis,2022-06-13T00:00:00Z,974,low,37.1101,-2.69854,41,8.7,PIHAL_NACIMIENTO_L,NAC_HALEPENSIS_2,halepensis,"{""type"":""Point"",""coordinates"":[-2.6985409391201634,37.11010155192212]}"
2009_01_01_0000000000000000000c,6947,1.36,4612,11,Pinus_halepensis,2022-06-15T00:00:00Z,1359,high,37.16982,-3.05232,40,11.3,PIHAL_RAGUA_H,RAG PIHA 3,halepensis,"{""type"":""Point"",""coordinates"":[-3.052321557599505,37.16981783322988]}"
2009_01_01_00000000000000000008,12999,3.11,8127,17,Pinus_sylvestris,2018-11-28T00:00:00Z,1633,low,36.95607,-3.30093,37,13.0,PISYL_PORTUGOS_L,PORTUGOS_L,sylvestris,"{""type"":""Point"",""coordinates"":[-3.3009298186322735,36.9560663651319]}"
2009_01_01_00000000000000000009,12545,3.36,7818,19,Pinus_sylvestris,2018-12-11T00:00:00Z,1748,medium,36.96002,-3.30361,47,9.0,PISYL_PORTUGOS_M,PORTUGOS_M,sylvestris,"{""type"":""Point"",""coordinates"":[-3.3036097383653944,36.96001712866525]}"
2009_01_01_0000000000000000000a,10144,3.63,6275,28,Pinus_sylvestris,2018-11-28T00:00:00Z,2000,high,36.96598,-3.31321,35,9.0,PISYL_PORTUGOS_H,PORTUGOS_H,sylvestris,"{""type"":""Point"",""coordinates"":[-3.313214642034517,36.9659789467737]}"
2010_01_01_00000000000000000001,12629,1.84,7501,9,Pinus_nigra,2018-05-10T00:00:00Z,1646,medium,37.14336,-3.14902,39,9.0,PINIG_LANTEIRA_M,LANTEIRA_M,nigra,"{""type"":""Point"",""coordinates"":[-3.14901716394348,37.14335752757873]}"
2010_01_01_00000000000000000002,11546,1.29,7058,5,Pinus_nigra,2021-10-27T00:00:00Z,1585,low,37.14837,-3.14652,40,13.3,PINIG_LANTEIRA_L2,LANTEIRA_L2,nigra,"{""type"":""Point"",""coordinates"":[-3.14652006735355,37.1483695571628]}"
2010_01_01_00000000000000000003,13171,1.95,7582,11,Pinus_nigra,2020-10-06T00:00:00Z,1810,high,37.132,-3.147,41,8.9,PINIG_LANTEIRA_H,LANTEIRA_H,nigra,"{""type"":""Point"",""coordinates"":[-3.1470016502673217,37.1320001971956]}"
2010_01_01_00000000000000000004,8709,1.08,5886,9,Pinus_pinaster,2021-10-27T00:00:00Z,1433,low2,37.15454,-3.13756,37,12.1,PIPIN_LANTEIRA_L2,LANTERIA_L2,pinaster,"{""type"":""Point"",""coordinates"":[-3.137561733337176,37.15454095302077]}"
2010_01_01_00000000000000000005,11264,1.48,6794,14,Pinus_pinaster,2021-10-26T00:00:00Z,1353,low,37.18253,-3.17767,41,11.6,PIPIN_JEREZ_L,JEREZ_L,pinaster,"{""type"":""Point"",""coordinates"":[-3.177671347312922,37.18253073033325]}"
2010_01_01_00000000000000000006,15290,1.73,8188,14,Pinus_pinaster,2018-05-09T00:00:00Z,1605,medium,37.16089,-3.19681,33,11.0,PIPIN_JEREZ_M,JEREZ_M,pinaster,"{""type"":""Point"",""coordinates"":[-3.196805349933258,37.160890712920875]}"
2010_01_01_00000000000000000007,14002,1.94,7869,11,Pinus_pinaster,2020-10-06T00:00:00Z,1770,high,37.135,-3.198,40,9.0,PIPIN_JEREZ_H,JEREZ_H,pinaster,"{""type"":""Point"",""coordinates"":[-3.1980003890155833,37.13500117220457]}"
2010_01_01_00000000000000000000,11375,1.59,6989,5,Pinus_halepensis,2018-12-28T00:00:00Z,1212,medium,37.08871,-2.68649,41,10.0,PIHAL_NACIMIENTO_M,NAC_HALEPENSIS,halepensis,"{""type"":""Point"",""coordinates"":[-2.686487988972699,37.088711244168756]}"
2010_01_01_0000000000000000000b,5525,1.33,3398,16,Pinus_halepensis,2022-06-13T00:00:00Z,974,low,37.1101,-2.69854,41,8.7,PIHAL_NACIMIENTO_L,NAC_HALEPENSIS_2,halepensis,"{""type"":""Point"",""coordinates"":[-2.6985409391201634,37.11010155192212]}"
2010_01_01_0000000000000000000c,7890,1.36,5302,11,Pinus_halepensis,2022-06-15T00:00:00Z,1359,high,37.16982,-3.05232,40,11.3,PIHAL_RAGUA_H,RAG PIHA 3,halepensis,"{""type"":""Point"",""coordinates"":[-3.052321557599505,37.16981783322988]}"
2010_01_01_00000000000000000008,13836,3.11,8904,20,Pinus_sylvestris,2018-11-28T00:00:00Z,1633,low,36.95607,-3.30093,37,13.0,PISYL_PORTUGOS_L,PORTUGOS_L,sylvestris,"{""type"":""Point"",""coordinates"":[-3.3009298186322735,36.9560663651319]}"
2010_01_01_00000000000000000009,13061,3.36,8278,20,Pinus_sylvestris,2018-12-11T00:00:00Z,1748,medium,36.96002,-3.30361,47,9.0,PISYL_PORTUGOS_M,PORTUGOS_M,sylvestris,"{""type"":""Point"",""coordinates"":[-3.3036097383653944,36.96001712866525]}"
2010_01_01_0000000000000000000a,11330,3.63,7282,22,Pinus_sylvestris,2018-11-28T00:00:00Z,2000,high,36.96598,-3.31321,35,9.0,PISYL_PORTUGOS_H,PORTUGOS_H,sylvestris,"{""type"":""Point"",""coordinates"":[-3.313214642034517,36.9659789467737]}"
2011_01_01_00000000000000000001,13576,1.84,8004,5,Pinus_nigra,2018-05-10T00:00:00Z,1646,medium,37.14336,-3.14902,39,9.0,PINIG_LANTEIRA_M,LANTEIRA_M,nigra,"{""type"":""Point"",""coordinates"":[-3.14901716394348,37.14335752757873]}"
2011_01_01_00000000000000000002,12799,1.29,7754,5,Pinus_nigra,2021-10-27T00:00:00Z,1585,low,37.14837,-3.14652,40,13.3,PINIG_LANTEIRA_L2,LANTEIRA_L2,nigra,"{""type"":""Point"",""coordinates"":[-3.14652006735355,37.1483695571628]}"
2011_01_01_00000000000000000003,13276,1.95,7687,3,Pinus_nigra,2020-10-06T00:00:00Z,1810,high,37.132,-3.147,41,8.9,PINIG_LANTEIRA_H,LANTEIRA_H,nigra,"{""type"":""Point"",""coordinates"":[-3.1470016502673217,37.1320001971956]}"
2011_01_01_00000000000000000004,9937,1.08,6665,7,Pinus_pinaster,2021-10-27T00:00:00Z,1433,low2,37.15454,-3.13756,37,12.1,PIPIN_LANTEIRA_L2,LANTERIA_L2,pinaster,"{""type"":""Point"",""coordinates"":[-3.137561733337176,37.15454095302077]}"
2011_01_01_00000000000000000005,12328,1.48,7371,3,Pinus_pinaster,2021-10-26T00:00:00Z,1353,low,37.18253,-3.17767,41,11.6,PIPIN_JEREZ_L,JEREZ_L,pinaster,"{""type"":""Point"",""coordinates"":[-3.177671347312922,37.18253073033325]}"
2011_01_01_00000000000000000006,16244,1.73,8346,5,Pinus_pinaster,2018-05-09T00:00:00Z,1605,medium,37.16089,-3.19681,33,11.0,PIPIN_JEREZ_M,JEREZ_M,pinaster,"{""type"":""Point"",""coordinates"":[-3.196805349933258,37.160890712920875]}"
2011_01_01_00000000000000000007,15056,1.94,8254,14,Pinus_pinaster,2020-10-06T00:00:00Z,1770,high,37.135,-3.198,40,9.0,PIPIN_JEREZ_H,JEREZ_H,pinaster,"{""type"":""Point"",""coordinates"":[-3.1980003890155833,37.13500117220457]}"
2011_01_01_00000000000000000000,12037,1.59,7258,7,Pinus_halepensis,2018-12-28T00:00:00Z,1212,medium,37.08871,-2.68649,41,10.0,PIHAL_NACIMIENTO_M,NAC_HALEPENSIS,halepensis,"{""type"":""Point"",""coordinates"":[-2.686487988972699,37.088711244168756]}"
2011_01_01_0000000000000000000b,6639,1.33,4066,3,Pinus_halepensis,2022-06-13T00:00:00Z,974,low,37.1101,-2.69854,41,8.7,PIHAL_NACIMIENTO_L,NAC_HALEPENSIS_2,halepensis,"{""type"":""Point"",""coordinates"":[-2.6985409391201634,37.11010155192212]}"
2011_01_01_0000000000000000000c,9034,1.36,6024,7,Pinus_halepensis,2022-06-15T00:00:00Z,1359,high,37.16982,-3.05232,40,11.3,PIHAL_RAGUA_H,RAG PIHA 3,halepensis,"{""type"":""Point"",""coordinates"":[-3.052321557599505,37.16981783322988]}"
2011_01_01_00000000000000000008,15654,3.11,10044,11,Pinus_sylvestris,2018-11-28T00:00:00Z,1633,low,36.95607,-3.30093,37,13.0,PISYL_PORTUGOS_L,PORTUGOS_L,sylvestris,"{""type"":""Point"",""coordinates"":[-3.3009298186322735,36.9560663651319]}"
2011_01_01_00000000000000000009,13990,3.36,8842,9,Pinus_sylvestris,2018-12-11T00:00:00Z,1748,medium,36.96002,-3.30361,47,9.0,PISYL_PORTUGOS_M,PORTUGOS_M,sylvestris,"{""type"":""Point"",""coordinates"":[-3.3036097383653944,36.96001712866525]}"
2011_01_01_0000000000000000000a,12269,3.63,7906,24,Pinus_sylvestris,2018-11-28T00:00:00Z,2000,high,36.96598,-3.31321,35,9.0,PISYL_PORTUGOS_H,PORTUGOS_H,sylvestris,"{""type"":""Point"",""coordinates"":[-3.313214642034517,36.9659789467737]}"
2012_01_01_00000000000000000001,9852,1.84,5521,5,Pinus_nigra,2018-05-10T00:00:00Z,1646,medium,37.14336,-3.14902,39,9.0,PINIG_LANTEIRA_M,LANTEIRA_M,nigra,"{""type"":""Point"",""coordinates"":[-3.14901716394348,37.14335752757873]}"
2012_01_01_00000000000000000002,9676,1.29,5375,3,Pinus_nigra,2021-10-27T00:00:00Z,1585,low,37.14837,-3.14652,40,13.3,PINIG_LANTEIRA_L2,LANTEIRA_L2,nigra,"{""type"":""Point"",""coordinates"":[-3.14652006735355,37.1483695571628]}"
2012_01_01_00000000000000000003,10401,1.95,5550,11,Pinus_nigra,2020-10-06T00:00:00Z,1810,high,37.132,-3.147,41,8.9,PINIG_LANTEIRA_H,LANTEIRA_H,nigra,"{""type"":""Point"",""coordinates"":[-3.1470016502673217,37.1320001971956]}"
2012_01_01_00000000000000000004,8193,1.08,5264,7,Pinus_pinaster,2021-10-27T00:00:00Z,1433,low2,37.15454,-3.13756,37,12.1,PIPIN_LANTEIRA_L2,LANTERIA_L2,pinaster,"{""type"":""Point"",""coordinates"":[-3.137561733337176,37.15454095302077]}"
2012_01_01_00000000000000000005,9698,1.48,5383,5,Pinus_pinaster,2021-10-26T00:00:00Z,1353,low,37.18253,-3.17767,41,11.6,PIPIN_JEREZ_L,JEREZ_L,pinaster,"{""type"":""Point"",""coordinates"":[-3.177671347312922,37.18253073033325]}"
2012_01_01_00000000000000000006,13074,1.73,6033,5,Pinus_pinaster,2018-05-09T00:00:00Z,1605,medium,37.16089,-3.19681,33,11.0,PIPIN_JEREZ_M,JEREZ_M,pinaster,"{""type"":""Point"",""coordinates"":[-3.196805349933258,37.160890712920875]}"
2012_01_01_00000000000000000007,11650,1.94,5873,7,Pinus_pinaster,2020-10-06T00:00:00Z,1770,high,37.135,-3.198,40,9.0,PIPIN_JEREZ_H,JEREZ_H,pinaster,"{""type"":""Point"",""coordinates"":[-3.1980003890155833,37.13500117220457]}"
2012_01_01_00000000000000000000,9819,1.59,5660,0,Pinus_halepensis,2018-12-28T00:00:00Z,1212,medium,37.08871,-2.68649,41,10.0,PIHAL_NACIMIENTO_M,NAC_HALEPENSIS,halepensis,"{""type"":""Point"",""coordinates"":[-2.686487988972699,37.088711244168756]}"
2012_01_01_0000000000000000000b,5021,1.33,2990,9,Pinus_halepensis,2022-06-13T00:00:00Z,974,low,37.1101,-2.69854,41,8.7,PIHAL_NACIMIENTO_L,NAC_HALEPENSIS_2,halepensis,"{""type"":""Point"",""coordinates"":[-2.6985409391201634,37.11010155192212]}"
2012_01_01_0000000000000000000c,7209,1.36,4576,13,Pinus_halepensis,2022-06-15T00:00:00Z,1359,high,37.16982,-3.05232,40,11.3,PIHAL_RAGUA_H,RAG PIHA 3,halepensis,"{""type"":""Point"",""coordinates"":[-3.052321557599505,37.16981783322988]}"
2012_01_01_00000000000000000008,12395,3.11,7532,11,Pinus_sylvestris,2018-11-28T00:00:00Z,1633,low,36.95607,-3.30093,37,13.0,PISYL_PORTUGOS_L,PORTUGOS_L,sylvestris,"{""type"":""Point"",""coordinates"":[-3.3009298186322735,36.9560663651319]}"
2012_01_01_00000000000000000009,12095,3.36,7277,9,Pinus_sylvestris,2018-12-11T00:00:00Z,1748,medium,36.96002,-3.30361,47,9.0,PISYL_PORTUGOS_M,PORTUGOS_M,sylvestris,"{""type"":""Point"",""coordinates"":[-3.3036097383653944,36.96001712866525]}"
2012_01_01_0000000000000000000a,10161,3.63,6188,17,Pinus_sylvestris,2018-11-28T00:00:00Z,2000,high,36.96598,-3.31321,35,9.0,PISYL_PORTUGOS_H,PORTUGOS_H,sylvestris,"{""type"":""Point"",""coordinates"":[-3.313214642034517,36.9659789467737]}"
2013_01_01_00000000000000000001,13294,1.84,8151,5,Pinus_nigra,2018-05-10T00:00:00Z,1646,medium,37.14336,-3.14902,39,9.0,PINIG_LANTEIRA_M,LANTEIRA_M,nigra,"{""type"":""Point"",""coordinates"":[-3.14901716394348,37.14335752757873]}"
2013_01_01_00000000000000000002,12698,1.29,7821,5,Pinus_nigra,2021-10-27T00:00:00Z,1585,low,37.14837,-3.14652,40,13.3,PINIG_LANTEIRA_L2,LANTEIRA_L2,nigra,"{""type"":""Point"",""coordinates"":[-3.14652006735355,37.1483695571628]}"
2013_01_01_00000000000000000003,13718,1.95,8211,0,Pinus_nigra,2020-10-06T00:00:00Z,1810,high,37.132,-3.147,41,8.9,PINIG_LANTEIRA_H,LANTEIRA_H,nigra,"{""type"":""Point"",""coordinates"":[-3.1470016502673217,37.1320001971956]}"
2013_01_01_00000000000000000004,10470,1.08,7207,9,Pinus_pinaster,2021-10-27T00:00:00Z,1433,low2,37.15454,-3.13756,37,12.1,PIPIN_LANTEIRA_L2,LANTERIA_L2,pinaster,"{""type"":""Point"",""coordinates"":[-3.137561733337176,37.15454095302077]}"
2013_01_01_00000000000000000005,13026,1.48,7889,3,Pinus_pinaster,2021-10-26T00:00:00Z,1353,low,37.18253,-3.17767,41,11.6,PIPIN_JEREZ_L,JEREZ_L,pinaster,"{""type"":""Point"",""coordinates"":[-3.177671347312922,37.18253073033325]}"
2013_01_01_00000000000000000006,16481,1.73,8965,7,Pinus_pinaster,2018-05-09T00:00:00Z,1605,medium,37.16089,-3.19681,33,11.0,PIPIN_JEREZ_M,JEREZ_M,pinaster,"{""type"":""Point"",""coordinates"":[-3.196805349933258,37.160890712920875]}"
2013_01_01_00000000000000000007,14951,1.94,8464,5,Pinus_pinaster,2020-10-06T00:00:00Z,1770,high,37.135,-3.198,40,9.0,PIPIN_JEREZ_H,JEREZ_H,pinaster,"{""type"":""Point"",""coordinates"":[-3.1980003890155833,37.13500117220457]}"
2013_01_01_00000000000000000000,12063,1.59,7603,7,Pinus_halepensis,2018-12-28T00:00:00Z,1212,medium,37.08871,-2.68649,41,10.0,PIHAL_NACIMIENTO_M,NAC_HALEPENSIS,halepensis,"{""type"":""Point"",""coordinates"":[-2.686487988972699,37.088711244168756]}"
2013_01_01_0000000000000000000b,5938,1.33,3751,7,Pinus_halepensis,2022-06-13T00:00:00Z,974,low,37.1101,-2.69854,41,8.7,PIHAL_NACIMIENTO_L,NAC_HALEPENSIS_2,halepensis,"{""type"":""Point"",""coordinates"":[-2.6985409391201634,37.11010155192212]}"
2013_01_01_0000000000000000000c,9430,1.36,6431,9,Pinus_halepensis,2022-06-15T00:00:00Z,1359,high,37.16982,-3.05232,40,11.3,PIHAL_RAGUA_H,RAG PIHA 3,halepensis,"{""type"":""Point"",""coordinates"":[-3.052321557599505,37.16981783322988]}"
2013_01_01_00000000000000000008,15644,3.11,10318,9,Pinus_sylvestris,2018-11-28T00:00:00Z,1633,low,36.95607,-3.30093,37,13.0,PISYL_PORTUGOS_L,PORTUGOS_L,sylvestris,"{""type"":""Point"",""coordinates"":[-3.3009298186322735,36.9560663651319]}"
2013_01_01_00000000000000000009,14575,3.36,9346,7,Pinus_sylvestris,2018-12-11T00:00:00Z,1748,medium,36.96002,-3.30361,47,9.0,PISYL_PORTUGOS_M,PORTUGOS_M,sylvestris,"{""type"":""Point"",""coordinates"":[-3.3036097383653944,36.96001712866525]}"
2013_01_01_0000000000000000000a,12273,3.63,7934,11,Pinus_sylvestris,2018-11-28T00:00:00Z,2000,high,36.96598,-3.31321,35,9.0,PISYL_PORTUGOS_H,PORTUGOS_H,sylvestris,"{""type"":""Point"",""coordinates"":[-3.313214642034517,36.9659789467737]}"
2014_01_01_00000000000000000001,12302,1.84,7233,7,Pinus_nigra,2018-05-10T00:00:00Z,1646,medium,37.14336,-3.14902,39,9.0,PINIG_LANTEIRA_M,LANTEIRA_M,nigra,"{""type"":""Point"",""coordinates"":[-3.14901716394348,37.14335752757873]}"
2014_01_01_00000000000000000002,11591,1.29,6835,0,Pinus_nigra,2021-10-27T00:00:00Z,1585,low,37.14837,-3.14652,40,13.3,PINIG_LANTEIRA_L2,LANTEIRA_L2,nigra,"{""type"":""Point"",""coordinates"":[-3.14652006735355,37.1483695571628]}"
2014_01_01_00000000000000000003,12970,1.95,7337,9,Pinus_nigra,2020-10-06T00:00:00Z,1810,high,37.132,-3.147,41,8.9,PINIG_LANTEIRA_H,LANTEIRA_H,nigra,"{""type"":""Point"",""coordinates"":[-3.1470016502673217,37.1320001971956]}"
2014_01_01_00000000000000000004,9358,1.08,6279,5,Pinus_pinaster,2021-10-27T00:00:00Z,1433,low2,37.15454,-3.13756,37,12.1,PIPIN_LANTEIRA_L2,LANTERIA_L2,pinaster,"{""type"":""Point"",""coordinates"":[-3.137561733337176,37.15454095302077]}"
2014_01_01_00000000000000000005,11371,1.48,6699,5,Pinus_pinaster,2021-10-26T00:00:00Z,1353,low,37.18253,-3.17767,41,11.6,PIPIN_JEREZ_L,JEREZ_L,pinaster,"{""type"":""Point"",""coordinates"":[-3.177671347312922,37.18253073033325]}"
2014_01_01_00000000000000000006,14922,1.73,7575,7,Pinus_pinaster,2018-05-09T00:00:00Z,1605,medium,37.16089,-3.19681,33,11.0,PIPIN_JEREZ_M,JEREZ_M,pinaster,"{""type"":""Point"",""coordinates"":[-3.196805349933258,37.160890712920875]}"
2014_01_01_00000000000000000007,14359,1.94,7730,7,Pinus_pinaster,2020-10-06T00:00:00Z,1770,high,37.135,-3.198,40,9.0,PIPIN_JEREZ_H,JEREZ_H,pinaster,"{""type"":""Point"",""coordinates"":[-3.1980003890155833,37.13500117220457]}"
2014_01_01_00000000000000000000,10306,1.59,6261,5,Pinus_halepensis,2018-12-28T00:00:00Z,1212,medium,37.08871,-2.68649,41,10.0,PIHAL_NACIMIENTO_M,NAC_HALEPENSIS,halepensis,"{""type"":""Point"",""coordinates"":[-2.686487988972699,37.088711244168756]}"
2014_01_01_0000000000000000000b,4447,1.33,2768,9,Pinus_halepensis,2022-06-13T00:00:00Z,974,low,37.1101,-2.69854,41,8.7,PIHAL_NACIMIENTO_L,NAC_HALEPENSIS_2,halepensis,"{""type"":""Point"",""coordinates"":[-2.6985409391201634,37.11010155192212]}"
2014_01_01_0000000000000000000c,7795,1.36,5219,3,Pinus_halepensis,2022-06-15T00:00:00Z,1359,high,37.16982,-3.05232,40,11.3,PIHAL_RAGUA_H,RAG PIHA 3,halepensis,"{""type"":""Point"",""coordinates"":[-3.052321557599505,37.16981783322988]}"
2014_01_01_00000000000000000008,15500,3.11,9901,7,Pinus_sylvestris,2018-11-28T00:00:00Z,1633,low,36.95607,-3.30093,37,13.0,PISYL_PORTUGOS_L,PORTUGOS_L,sylvestris,"{""type"":""Point"",""coordinates"":[-3.3009298186322735,36.9560663651319]}"
2014_01_01_00000000000000000009,14735,3.36,9251,20,Pinus_sylvestris,2018-12-11T00:00:00Z,1748,medium,36.96002,-3.30361,47,9.0,PISYL_PORTUGOS_M,PORTUGOS_M,sylvestris,"{""type"":""Point"",""coordinates"":[-3.3036097383653944,36.96001712866525]}"
2014_01_01_0000000000000000000a,11694,3.63,7420,18,Pinus_sylvestris,2018-11-28T00:00:00Z,2000,high,36.96598,-3.31321,35,9.0,PISYL_PORTUGOS_H,PORTUGOS_H,sylvestris,"{""type"":""Point"",""coordinates"":[-3.313214642034517,36.9659789467737]}"
2015_01_01_00000000000000000001,11618,1.84,6707,3,Pinus_nigra,2018-05-10T00:00:00Z,1646,medium,37.14336,-3.14902,39,9.0,PINIG_LANTEIRA_M,LANTEIRA_M,nigra,"{""type"":""Point"",""coordinates"":[-3.14901716394348,37.14335752757873]}"
2015_01_01_00000000000000000002,11322,1.29,6711,5,Pinus_nigra,2021-10-27T00:00:00Z,1585,low,37.14837,-3.14652,40,13.3,PINIG_LANTEIRA_L2,LANTEIRA_L2,nigra,"{""type"":""Point"",""coordinates"":[-3.14652006735355,37.1483695571628]}"
2015_01_01_00000000000000000003,12416,1.95,6834,3,Pinus_nigra,2020-10-06T00:00:00Z,1810,high,37.132,-3.147,41,8.9,PINIG_LANTEIRA_H,LANTEIRA_H,nigra,"{""type"":""Point"",""coordinates"":[-3.1470016502673217,37.1320001971956]}"
2015_01_01_00000000000000000004,9029,1.08,5990,7,Pinus_pinaster,2021-10-27T00:00:00Z,1433,low2,37.15454,-3.13756,37,12.1,PIPIN_LANTEIRA_L2,LANTERIA_L2,pinaster,"{""type"":""Point"",""coordinates"":[-3.137561733337176,37.15454095302077]}"
2015_01_01_00000000000000000005,10905,1.48,6194,7,Pinus_pinaster,2021-10-26T00:00:00Z,1353,low,37.18253,-3.17767,41,11.6,PIPIN_JEREZ_L,JEREZ_L,pinaster,"{""type"":""Point"",""coordinates"":[-3.177671347312922,37.18253073033325]}"
2015_01_01_00000000000000000006,14320,1.73,6953,5,Pinus_pinaster,2018-05-09T00:00:00Z,1605,medium,37.16089,-3.19681,33,11.0,PIPIN_JEREZ_M,JEREZ_M,pinaster,"{""type"":""Point"",""coordinates"":[-3.196805349933258,37.160890712920875]}"
2015_01_01_00000000000000000007,13539,1.94,6943,7,Pinus_pinaster,2020-10-06T00:00:00Z,1770,high,37.135,-3.198,40,9.0,PIPIN_JEREZ_H,JEREZ_H,pinaster,"{""type"":""Point"",""coordinates"":[-3.1980003890155833,37.13500117220457]}"
2015_01_01_00000000000000000000,9710,1.59,5892,6,Pinus_halepensis,2018-12-28T00:00:00Z,1212,medium,37.08871,-2.68649,41,10.0,PIHAL_NACIMIENTO_M,NAC_HALEPENSIS,halepensis,"{""type"":""Point"",""coordinates"":[-2.686487988972699,37.088711244168756]}"
2015_01_01_0000000000000000000b,3403,1.33,2071,20,Pinus_halepensis,2022-06-13T00:00:00Z,974,low,37.1101,-2.69854,41,8.7,PIHAL_NACIMIENTO_L,NAC_HALEPENSIS_2,halepensis,"{""type"":""Point"",""coordinates"":[-2.6985409391201634,37.11010155192212]}"
2015_01_01_0000000000000000000c,6757,1.36,4493,15,Pinus_halepensis,2022-06-15T00:00:00Z,1359,high,37.16982,-3.05232,40,11.3,PIHAL_RAGUA_H,RAG PIHA 3,halepensis,"{""type"":""Point"",""coordinates"":[-3.052321557599505,37.16981783322988]}"
2015_01_01_00000000000000000008,14178,3.11,8877,9,Pinus_sylvestris,2018-11-28T00:00:00Z,1633,low,36.95607,-3.30093,37,13.0,PISYL_PORTUGOS_L,PORTUGOS_L,sylvestris,"{""type"":""Point"",""coordinates"":[-3.3009298186322735,36.9560663651319]}"
2015_01_01_00000000000000000009,13513,3.36,8419,9,Pinus_sylvestris,2018-12-11T00:00:00Z,1748,medium,36.96002,-3.30361,47,9.0,PISYL_PORTUGOS_M,PORTUGOS_M,sylvestris,"{""type"":""Point"",""coordinates"":[-3.3036097383653944,36.96001712866525]}"
2015_01_01_0000000000000000000a,11037,3.63,6929,16,Pinus_sylvestris,2018-11-28T00:00:00Z,2000,high,36.96598,-3.31321,35,9.0,PISYL_PORTUGOS_H,PORTUGOS_H,sylvestris,"{""type"":""Point"",""coordinates"":[-3.313214642034517,36.9659789467737]}"
2016_01_01_00000000000000000001,11362,1.84,6817,9,Pinus_nigra,2018-05-10T00:00:00Z,1646,medium,37.14336,-3.14902,39,9.0,PINIG_LANTEIRA_M,LANTEIRA_M,nigra,"{""type"":""Point"",""coordinates"":[-3.14901716394348,37.14335752757873]}"
2016_01_01_00000000000000000002,10555,1.29,6496,11,Pinus_nigra,2021-10-27T00:00:00Z,1585,low,37.14837,-3.14652,40,13.3,PINIG_LANTEIRA_L2,LANTEIRA_L2,nigra,"{""type"":""Point"",""coordinates"":[-3.14652006735355,37.1483695571628]}"
2016_01_01_00000000000000000003,11601,1.95,6635,9,Pinus_nigra,2020-10-06T00:00:00Z,1810,high,37.132,-3.147,41,8.9,PINIG_LANTEIRA_H,LANTEIRA_H,nigra,"{""type"":""Point"",""coordinates"":[-3.1470016502673217,37.1320001971956]}"
2016_01_01_00000000000000000004,7435,1.08,4997,16,Pinus_pinaster,2021-10-27T00:00:00Z,1433,low2,37.15454,-3.13756,37,12.1,PIPIN_LANTEIRA_L2,LANTERIA_L2,pinaster,"{""type"":""Point"",""coordinates"":[-3.137561733337176,37.15454095302077]}"
2016_01_01_00000000000000000005,10422,1.48,6142,5,Pinus_pinaster,2021-10-26T00:00:00Z,1353,low,37.18253,-3.17767,41,11.6,PIPIN_JEREZ_L,JEREZ_L,pinaster,"{""type"":""Point"",""coordinates"":[-3.177671347312922,37.18253073033325]}"
2016_01_01_00000000000000000006,14388,1.73,7544,11,Pinus_pinaster,2018-05-09T00:00:00Z,1605,medium,37.16089,-3.19681,33,11.0,PIPIN_JEREZ_M,JEREZ_M,pinaster,"{""type"":""Point"",""coordinates"":[-3.196805349933258,37.160890712920875]}"
2016_01_01_00000000000000000007,13376,1.94,7542,9,Pinus_pinaster,2020-10-06T00:00:00Z,1770,high,37.135,-3.198,40,9.0,PIPIN_JEREZ_H,JEREZ_H,pinaster,"{""type"":""Point"",""coordinates"":[-3.1980003890155833,37.13500117220457]}"
2016_01_01_00000000000000000000,9793,1.59,5999,9,Pinus_halepensis,2018-12-28T00:00:00Z,1212,medium,37.08871,-2.68649,41,10.0,PIHAL_NACIMIENTO_M,NAC_HALEPENSIS,halepensis,"{""type"":""Point"",""coordinates"":[-2.686487988972699,37.088711244168756]}"
2016_01_01_0000000000000000000b,2676,1.33,1635,22,Pinus_halepensis,2022-06-13T00:00:00Z,974,low,37.1101,-2.69854,41,8.7,PIHAL_NACIMIENTO_L,NAC_HALEPENSIS_2,halepensis,"{""type"":""Point"",""coordinates"":[-2.6985409391201634,37.11010155192212]}"
2016_01_01_0000000000000000000c,6289,1.36,4230,11,Pinus_halepensis,2022-06-15T00:00:00Z,1359,high,37.16982,-3.05232,40,11.3,PIHAL_RAGUA_H,RAG PIHA 3,halepensis,"{""type"":""Point"",""coordinates"":[-3.052321557599505,37.16981783322988]}"
2016_01_01_00000000000000000008,14562,3.11,9229,20,Pinus_sylvestris,2018-11-28T00:00:00Z,1633,low,36.95607,-3.30093,37,13.0,PISYL_PORTUGOS_L,PORTUGOS_L,sylvestris,"{""type"":""Point"",""coordinates"":[-3.3009298186322735,36.9560663651319]}"
2016_01_01_00000000000000000009,13540,3.36,8470,13,Pinus_sylvestris,2018-12-11T00:00:00Z,1748,medium,36.96002,-3.30361,47,9.0,PISYL_PORTUGOS_M,PORTUGOS_M,sylvestris,"{""type"":""Point"",""coordinates"":[-3.3036097383653944,36.96001712866525]}"
2016_01_01_0000000000000000000a,10430,3.63,6625,20,Pinus_sylvestris,2018-11-28T00:00:00Z,2000,high,36.96598,-3.31321,35,9.0,PISYL_PORTUGOS_H,PORTUGOS_H,sylvestris,"{""type"":""Point"",""coordinates"":[-3.313214642034517,36.9659789467737]}"
2017_01_01_00000000000000000001,11007,1.84,6289,3,Pinus_nigra,2018-05-10T00:00:00Z,1646,medium,37.14336,-3.14902,39,9.0,PINIG_LANTEIRA_M,LANTEIRA_M,nigra,"{""type"":""Point"",""coordinates"":[-3.14901716394348,37.14335752757873]}"
2017_01_01_00000000000000000002,10299,1.29,6108,5,Pinus_nigra,2021-10-27T00:00:00Z,1585,low,37.14837,-3.14652,40,13.3,PINIG_LANTEIRA_L2,LANTEIRA_L2,nigra,"{""type"":""Point"",""coordinates"":[-3.14652006735355,37.1483695571628]}"
2017_01_01_00000000000000000003,11749,1.95,6554,14,Pinus_nigra,2020-10-06T00:00:00Z,1810,high,37.132,-3.147,41,8.9,PINIG_LANTEIRA_H,LANTEIRA_H,nigra,"{""type"":""Point"",""coordinates"":[-3.1470016502673217,37.1320001971956]}"
2017_01_01_00000000000000000004,7612,1.08,4989,3,Pinus_pinaster,2021-10-27T00:00:00Z,1433,low2,37.15454,-3.13756,37,12.1,PIPIN_LANTEIRA_L2,LANTERIA_L2,pinaster,"{""type"":""Point"",""coordinates"":[-3.137561733337176,37.15454095302077]}"
2017_01_01_00000000000000000005,9819,1.48,5702,7,Pinus_pinaster,2021-10-26T00:00:00Z,1353,low,37.18253,-3.17767,41,11.6,PIPIN_JEREZ_L,JEREZ_L,pinaster,"{""type"":""Point"",""coordinates"":[-3.177671347312922,37.18253073033325]}"
2017_01_01_00000000000000000006,13401,1.73,6855,5,Pinus_pinaster,2018-05-09T00:00:00Z,1605,medium,37.16089,-3.19681,33,11.0,PIPIN_JEREZ_M,JEREZ_M,pinaster,"{""type"":""Point"",""coordinates"":[-3.196805349933258,37.160890712920875]}"
2017_01_01_00000000000000000007,12985,1.94,6854,7,Pinus_pinaster,2020-10-06T00:00:00Z,1770,high,37.135,-3.198,40,9.0,PIPIN_JEREZ_H,JEREZ_H,pinaster,"{""type"":""Point"",""coordinates"":[-3.1980003890155833,37.13500117220457]}"
2017_01_01_00000000000000000000,10513,1.59,6452,3,Pinus_halepensis,2018-12-28T00:00:00Z,1212,medium,37.08871,-2.68649,41,10.0,PIHAL_NACIMIENTO_M,NAC_HALEPENSIS,halepensis,"{""type"":""Point"",""coordinates"":[-2.686487988972699,37.088711244168756]}"
2017_01_01_0000000000000000000b,4355,1.33,2664,14,Pinus_halepensis,2022-06-13T00:00:00Z,974,low,37.1101,-2.69854,41,8.7,PIHAL_NACIMIENTO_L,NAC_HALEPENSIS_2,halepensis,"{""type"":""Point"",""coordinates"":[-2.6985409391201634,37.11010155192212]}"
2017_01_01_0000000000000000000c,6896,1.36,4472,7,Pinus_halepensis,2022-06-15T00:00:00Z,1359,high,37.16982,-3.05232,40,11.3,PIHAL_RAGUA_H,RAG PIHA 3,halepensis,"{""type"":""Point"",""coordinates"":[-3.052321557599505,37.16981783322988]}"
2017_01_01_00000000000000000008,14462,3.11,9039,11,Pinus_sylvestris,2018-11-28T00:00:00Z,1633,low,36.95607,-3.30093,37,13.0,PISYL_PORTUGOS_L,PORTUGOS_L,sylvestris,"{""type"":""Point"",""coordinates"":[-3.3009298186322735,36.9560663651319]}"
2017_01_01_00000000000000000009,13512,3.36,8352,11,Pinus_sylvestris,2018-12-11T00:00:00Z,1748,medium,36.96002,-3.30361,47,9.0,PISYL_PORTUGOS_M,PORTUGOS_M,sylvestris,"{""type"":""Point"",""coordinates"":[-3.3036097383653944,36.96001712866525]}"
2017_01_01_0000000000000000000a,11556,3.63,7173,18,Pinus_sylvestris,2018-11-28T00:00:00Z,2000,high,36.96598,-3.31321,35,9.0,PISYL_PORTUGOS_H,PORTUGOS_H,sylvestris,"{""type"":""Point"",""coordinates"":[-3.313214642034517,36.9659789467737]}"
2018_01_01_00000000000000000001,12502,1.84,7390,14,Pinus_nigra,2018-05-10T00:00:00Z,1646,medium,37.14336,-3.14902,39,9.0,PINIG_LANTEIRA_M,LANTEIRA_M,nigra,"{""type"":""Point"",""coordinates"":[-3.14901716394348,37.14335752757873]}"
2018_01_01_00000000000000000002,11901,1.29,7153,14,Pinus_nigra,2021-10-27T00:00:00Z,1585,low,37.14837,-3.14652,40,13.3,PINIG_LANTEIRA_L2,LANTEIRA_L2,nigra,"{""type"":""Point"",""coordinates"":[-3.14652006735355,37.1483695571628]}"
2018_01_01_00000000000000000003,13211,1.95,7375,22,Pinus_nigra,2020-10-06T00:00:00Z,1810,high,37.132,-3.147,41,8.9,PINIG_LANTEIRA_H,LANTEIRA_H,nigra,"{""type"":""Point"",""coordinates"":[-3.1470016502673217,37.1320001971956]}"
2018_01_01_00000000000000000004,9486,1.08,6393,7,Pinus_pinaster,2021-10-27T00:00:00Z,1433,low2,37.15454,-3.13756,37,12.1,PIPIN_LANTEIRA_L2,LANTERIA_L2,pinaster,"{""type"":""Point"",""coordinates"":[-3.137561733337176,37.15454095302077]}"
2018_01_01_00000000000000000005,11655,1.48,6970,9,Pinus_pinaster,2021-10-26T00:00:00Z,1353,low,37.18253,-3.17767,41,11.6,PIPIN_JEREZ_L,JEREZ_L,pinaster,"{""type"":""Point"",""coordinates"":[-3.177671347312922,37.18253073033325]}"
2018_01_01_00000000000000000006,15005,1.73,7800,18,Pinus_pinaster,2018-05-09T00:00:00Z,1605,medium,37.16089,-3.19681,33,11.0,PIPIN_JEREZ_M,JEREZ_M,pinaster,"{""type"":""Point"",""coordinates"":[-3.196805349933258,37.160890712920875]}"
2018_01_01_00000000000000000007,14577,1.94,7640,31,Pinus_pinaster,2020-10-06T00:00:00Z,1770,high,37.135,-3.198,40,9.0,PIPIN_JEREZ_H,JEREZ_H,pinaster,"{""type"":""Point"",""coordinates"":[-3.1980003890155833,37.13500117220457]}"
2018_01_01_00000000000000000000,11425,1.59,6905,7,Pinus_halepensis,2018-12-28T00:00:00Z,1212,medium,37.08871,-2.68649,41,10.0,PIHAL_NACIMIENTO_M,NAC_HALEPENSIS,halepensis,"{""type"":""Point"",""coordinates"":[-2.686487988972699,37.088711244168756]}"
2018_01_01_0000000000000000000b,4794,1.33,2959,0,Pinus_halepensis,2022-06-13T00:00:00Z,974,low,37.1101,-2.69854,41,8.7,PIHAL_NACIMIENTO_L,NAC_HALEPENSIS_2,halepensis,"{""type"":""Point"",""coordinates"":[-2.6985409391201634,37.11010155192212]}"
2018_01_01_0000000000000000000c,8944,1.36,6029,7,Pinus_halepensis,2022-06-15T00:00:00Z,1359,high,37.16982,-3.05232,40,11.3,PIHAL_RAGUA_H,RAG PIHA 3,halepensis,"{""type"":""Point"",""coordinates"":[-3.052321557599505,37.16981783322988]}"
2018_01_01_00000000000000000008,15003,3.11,9596,7,Pinus_sylvestris,2018-11-28T00:00:00Z,1633,low,36.95607,-3.30093,37,13.0,PISYL_PORTUGOS_L,PORTUGOS_L,sylvestris,"{""type"":""Point"",""coordinates"":[-3.3009298186322735,36.9560663651319]}"
2018_01_01_00000000000000000009,13840,3.36,8675,5,Pinus_sylvestris,2018-12-11T00:00:00Z,1748,medium,36.96002,-3.30361,47,9.0,PISYL_PORTUGOS_M,PORTUGOS_M,sylvestris,"{""type"":""Point"",""coordinates"":[-3.3036097383653944,36.96001712866525]}"
2018_01_01_0000000000000000000a,12168,3.63,7718,31,Pinus_sylvestris,2018-11-28T00:00:00Z,2000,high,36.96598,-3.31321,35,9.0,PISYL_PORTUGOS_H,PORTUGOS_H,sylvestris,"{""type"":""Point"",""coordinates"":[-3.313214642034517,36.9659789467737]}"
2019_01_01_00000000000000000001,12746,1.84,7435,3,Pinus_nigra,2018-05-10T00:00:00Z,1646,medium,37.14336,-3.14902,39,9.0,PINIG_LANTEIRA_M,LANTEIRA_M,nigra,"{""type"":""Point"",""coordinates"":[-3.14901716394348,37.14335752757873]}"
2019_01_01_00000000000000000002,12211,1.29,7323,6,Pinus_nigra,2021-10-27T00:00:00Z,1585,low,37.14837,-3.14652,40,13.3,PINIG_LANTEIRA_L2,LANTEIRA_L2,nigra,"{""type"":""Point"",""coordinates"":[-3.14652006735355,37.1483695571628]}"
2019_01_01_00000000000000000003,13555,1.95,7723,5,Pinus_nigra,2020-10-06T00:00:00Z,1810,high,37.132,-3.147,41,8.9,PINIG_LANTEIRA_H,LANTEIRA_H,nigra,"{""type"":""Point"",""coordinates"":[-3.1470016502673217,37.1320001971956]}"
2019_01_01_00000000000000000004,9233,1.08,6201,4,Pinus_pinaster,2021-10-27T00:00:00Z,1433,low2,37.15454,-3.13756,37,12.1,PIPIN_LANTEIRA_L2,LANTERIA_L2,pinaster,"{""type"":""Point"",""coordinates"":[-3.137561733337176,37.15454095302077]}"
2019_01_01_00000000000000000005,11841,1.48,6897,7,Pinus_pinaster,2021-10-26T00:00:00Z,1353,low,37.18253,-3.17767,41,11.6,PIPIN_JEREZ_L,JEREZ_L,pinaster,"{""type"":""Point"",""coordinates"":[-3.177671347312922,37.18253073033325]}"
2019_01_01_00000000000000000006,15076,1.73,7823,3,Pinus_pinaster,2018-05-09T00:00:00Z,1605,medium,37.16089,-3.19681,33,11.0,PIPIN_JEREZ_M,JEREZ_M,pinaster,"{""type"":""Point"",""coordinates"":[-3.196805349933258,37.160890712920875]}"
2019_01_01_00000000000000000007,14818,1.94,7672,3,Pinus_pinaster,2020-10-06T00:00:00Z,1770,high,37.135,-3.198,40,9.0,PIPIN_JEREZ_H,JEREZ_H,pinaster,"{""type"":""Point"",""coordinates"":[-3.1980003890155833,37.13500117220457]}"
2019_01_01_00000000000000000000,9955,1.59,6243,3,Pinus_halepensis,2018-12-28T00:00:00Z,1212,medium,37.08871,-2.68649,41,10.0,PIHAL_NACIMIENTO_M,NAC_HALEPENSIS,halepensis,"{""type"":""Point"",""coordinates"":[-2.686487988972699,37.088711244168756]}"
2019_01_01_0000000000000000000b,4914,1.33,3101,3,Pinus_halepensis,2022-06-13T00:00:00Z,974,low,37.1101,-2.69854,41,8.7,PIHAL_NACIMIENTO_L,NAC_HALEPENSIS_2,halepensis,"{""type"":""Point"",""coordinates"":[-2.6985409391201634,37.11010155192212]}"
2019_01_01_0000000000000000000c,7963,1.36,5348,5,Pinus_halepensis,2022-06-15T00:00:00Z,1359,high,37.16982,-3.05232,40,11.3,PIHAL_RAGUA_H,RAG PIHA 3,halepensis,"{""type"":""Point"",""coordinates"":[-3.052321557599505,37.16981783322988]}"
2019_01_01_00000000000000000008,14808,3.11,9464,9,Pinus_sylvestris,2018-11-28T00:00:00Z,1633,low,36.95607,-3.30093,37,13.0,PISYL_PORTUGOS_L,PORTUGOS_L,sylvestris,"{""type"":""Point"",""coordinates"":[-3.3009298186322735,36.9560663651319]}"
2019_01_01_00000000000000000009,14249,3.36,9018,7,Pinus_sylvestris,2018-12-11T00:00:00Z,1748,medium,36.96002,-3.30361,47,9.0,PISYL_PORTUGOS_M,PORTUGOS_M,sylvestris,"{""type"":""Point"",""coordinates"":[-3.3036097383653944,36.96001712866525]}"
2019_01_01_0000000000000000000a,11653,3.63,7453,7,Pinus_sylvestris,2018-11-28T00:00:00Z,2000,high,36.96598,-3.31321,35,9.0,PISYL_PORTUGOS_H,PORTUGOS_H,sylvestris,"{""type"":""Point"",""coordinates"":[-3.313214642034517,36.9659789467737]}"
2020_01_01_00000000000000000001,12783,1.84,7373,5,Pinus_nigra,2018-05-10T00:00:00Z,1646,medium,37.14336,-3.14902,39,9.0,PINIG_LANTEIRA_M,LANTEIRA_M,nigra,"{""type"":""Point"",""coordinates"":[-3.14901716394348,37.14335752757873]}"
2020_01_01_00000000000000000002,12100,1.29,7224,5,Pinus_nigra,2021-10-27T00:00:00Z,1585,low,37.14837,-3.14652,40,13.3,PINIG_LANTEIRA_L2,LANTEIRA_L2,nigra,"{""type"":""Point"",""coordinates"":[-3.14652006735355,37.1483695571628]}"
2020_01_01_00000000000000000003,13864,1.95,7665,16,Pinus_nigra,2020-10-06T00:00:00Z,1810,high,37.132,-3.147,41,8.9,PINIG_LANTEIRA_H,LANTEIRA_H,nigra,"{""type"":""Point"",""coordinates"":[-3.1470016502673217,37.1320001971956]}"
2020_01_01_00000000000000000004,8996,1.08,5947,9,Pinus_pinaster,2021-10-27T00:00:00Z,1433,low2,37.15454,-3.13756,37,12.1,PIPIN_LANTEIRA_L2,LANTERIA_L2,pinaster,"{""type"":""Point"",""coordinates"":[-3.137561733337176,37.15454095302077]}"
2020_01_01_00000000000000000005,11278,1.48,6539,7,Pinus_pinaster,2021-10-26T00:00:00Z,1353,low,37.18253,-3.17767,41,11.6,PIPIN_JEREZ_L,JEREZ_L,pinaster,"{""type"":""Point"",""coordinates"":[-3.177671347312922,37.18253073033325]}"
2020_01_01_00000000000000000006,13975,1.73,7028,13,Pinus_pinaster,2018-05-09T00:00:00Z,1605,medium,37.16089,-3.19681,33,11.0,PIPIN_JEREZ_M,JEREZ_M,pinaster,"{""type"":""Point"",""coordinates"":[-3.196805349933258,37.160890712920875]}"
2020_01_01_00000000000000000007,14432,1.94,7647,11,Pinus_pinaster,2020-10-06T00:00:00Z,1770,high,37.135,-3.198,40,9.0,PIPIN_JEREZ_H,JEREZ_H,pinaster,"{""type"":""Point"",""coordinates"":[-3.1980003890155833,37.13500117220457]}"
2020_01_01_00000000000000000000,8909,1.59,5466,7,Pinus_halepensis,2018-12-28T00:00:00Z,1212,medium,37.08871,-2.68649,41,10.0,PIHAL_NACIMIENTO_M,NAC_HALEPENSIS,halepensis,"{""type"":""Point"",""coordinates"":[-2.686487988972699,37.088711244168756]}"
2020_01_01_0000000000000000000b,4018,1.33,2477,9,Pinus_halepensis,2022-06-13T00:00:00Z,974,low,37.1101,-2.69854,41,8.7,PIHAL_NACIMIENTO_L,NAC_HALEPENSIS_2,halepensis,"{""type"":""Point"",""coordinates"":[-2.6985409391201634,37.11010155192212]}"
2020_01_01_0000000000000000000c,7531,1.36,5042,11,Pinus_halepensis,2022-06-15T00:00:00Z,1359,high,37.16982,-3.05232,40,11.3,PIHAL_RAGUA_H,RAG PIHA 3,halepensis,"{""type"":""Point"",""coordinates"":[-3.052321557599505,37.16981783322988]}"
2020_01_01_00000000000000000008,14603,3.11,9083,14,Pinus_sylvestris,2018-11-28T00:00:00Z,1633,low,36.95607,-3.30093,37,13.0,PISYL_PORTUGOS_L,PORTUGOS_L,sylvestris,"{""type"":""Point"",""coordinates"":[-3.3009298186322735,36.9560663651319]}"
2020_01_01_00000000000000000009,14284,3.36,8880,18,Pinus_sylvestris,2018-12-11T00:00:00Z,1748,medium,36.96002,-3.30361,47,9.0,PISYL_PORTUGOS_M,PORTUGOS_M,sylvestris,"{""type"":""Point"",""coordinates"":[-3.3036097383653944,36.96001712866525]}"
2020_01_01_0000000000000000000a,11719,3.63,7373,20,Pinus_sylvestris,2018-11-28T00:00:00Z,2000,high,36.96598,-3.31321,35,9.0,PISYL_PORTUGOS_H,PORTUGOS_H,sylvestris,"{""type"":""Point"",""coordinates"":[-3.313214642034517,36.9659789467737]}"
2021_01_01_00000000000000000001,12787,1.84,7715,7,Pinus_nigra,2018-05-10T00:00:00Z,1646,medium,37.14336,-3.14902,39,9.0,PINIG_LANTEIRA_M,LANTEIRA_M,nigra,"{""type"":""Point"",""coordinates"":[-3.14901716394348,37.14335752757873]}"
2021_01_01_00000000000000000002,12571,1.29,7712,5,Pinus_nigra,2021-10-27T00:00:00Z,1585,low,37.14837,-3.14652,40,13.3,PINIG_LANTEIRA_L2,LANTEIRA_L2,nigra,"{""type"":""Point"",""coordinates"":[-3.14652006735355,37.1483695571628]}"
2021_01_01_00000000000000000003,14200,1.95,8046,9,Pinus_nigra,2020-10-06T00:00:00Z,1810,high,37.132,-3.147,41,8.9,PINIG_LANTEIRA_H,LANTEIRA_H,nigra,"{""type"":""Point"",""coordinates"":[-3.1470016502673217,37.1320001971956]}"
2021_01_01_00000000000000000004,9076,1.08,6150,7,Pinus_pinaster,2021-10-27T00:00:00Z,1433,low2,37.15454,-3.13756,37,12.1,PIPIN_LANTEIRA_L2,LANTERIA_L2,pinaster,"{""type"":""Point"",""coordinates"":[-3.137561733337176,37.15454095302077]}"
2021_01_01_00000000000000000005,11335,1.48,6929,7,Pinus_pinaster,2021-10-26T00:00:00Z,1353,low,37.18253,-3.17767,41,11.6,PIPIN_JEREZ_L,JEREZ_L,pinaster,"{""type"":""Point"",""coordinates"":[-3.177671347312922,37.18253073033325]}"
2021_01_01_00000000000000000006,15257,1.73,8402,7,Pinus_pinaster,2018-05-09T00:00:00Z,1605,medium,37.16089,-3.19681,33,11.0,PIPIN_JEREZ_M,JEREZ_M,pinaster,"{""type"":""Point"",""coordinates"":[-3.196805349933258,37.160890712920875]}"
2021_01_01_00000000000000000007,14374,1.94,8045,14,Pinus_pinaster,2020-10-06T00:00:00Z,1770,high,37.135,-3.198,40,9.0,PIPIN_JEREZ_H,JEREZ_H,pinaster,"{""type"":""Point"",""coordinates"":[-3.1980003890155833,37.13500117220457]}"
2021_01_01_00000000000000000000,9659,1.59,6085,6,Pinus_halepensis,2018-12-28T00:00:00Z,1212,medium,37.08871,-2.68649,41,10.0,PIHAL_NACIMIENTO_M,NAC_HALEPENSIS,halepensis,"{""type"":""Point"",""coordinates"":[-2.686487988972699,37.088711244168756]}"
2021_01_01_0000000000000000000b,4313,1.33,2674,16,Pinus_halepensis,2022-06-13T00:00:00Z,974,low,37.1101,-2.69854,41,8.7,PIHAL_NACIMIENTO_L,NAC_HALEPENSIS_2,halepensis,"{""type"":""Point"",""coordinates"":[-2.6985409391201634,37.11010155192212]}"
2021_01_01_0000000000000000000c,6643,1.36,4491,7,Pinus_halepensis,2022-06-15T00:00:00Z,1359,high,37.16982,-3.05232,40,11.3,PIHAL_RAGUA_H,RAG PIHA 3,halepensis,"{""type"":""Point"",""coordinates"":[-3.052321557599505,37.16981783322988]}"
2021_01_01_00000000000000000008,15113,3.11,9717,7,Pinus_sylvestris,2018-11-28T00:00:00Z,1633,low,36.95607,-3.30093,37,13.0,PISYL_PORTUGOS_L,PORTUGOS_L,sylvestris,"{""type"":""Point"",""coordinates"":[-3.3009298186322735,36.9560663651319]}"
2021_01_01_00000000000000000009,14096,3.36,8878,0,Pinus_sylvestris,2018-12-11T00:00:00Z,1748,medium,36.96002,-3.30361,47,9.0,PISYL_PORTUGOS_M,PORTUGOS_M,sylvestris,"{""type"":""Point"",""coordinates"":[-3.3036097383653944,36.96001712866525]}"
2021_01_01_0000000000000000000a,12279,3.63,7815,9,Pinus_sylvestris,2018-11-28T00:00:00Z,2000,high,36.96598,-3.31321,35,9.0,PISYL_PORTUGOS_H,PORTUGOS_H,sylvestris,"{""type"":""Point"",""coordinates"":[-3.313214642034517,36.9659789467737]}"
2022_01_01_00000000000000000001,11567,1.84,6490,9,Pinus_nigra,2018-05-10T00:00:00Z,1646,medium,37.14336,-3.14902,39,9.0,PINIG_LANTEIRA_M,LANTEIRA_M,nigra,"{""type"":""Point"",""coordinates"":[-3.14901716394348,37.14335752757873]}"
2022_01_01_00000000000000000002,10570,1.29,6077,11,Pinus_nigra,2021-10-27T00:00:00Z,1585,low,37.14837,-3.14652,40,13.3,PINIG_LANTEIRA_L2,LANTEIRA_L2,nigra,"{""type"":""Point"",""coordinates"":[-3.14652006735355,37.1483695571628]}"
2022_01_01_00000000000000000003,12435,1.95,6613,9,Pinus_nigra,2020-10-06T00:00:00Z,1810,high,37.132,-3.147,41,8.9,PINIG_LANTEIRA_H,LANTEIRA_H,nigra,"{""type"":""Point"",""coordinates"":[-3.1470016502673217,37.1320001971956]}"
2022_01_01_00000000000000000004,7681,1.08,5061,14,Pinus_pinaster,2021-10-27T00:00:00Z,1433,low2,37.15454,-3.13756,37,12.1,PIPIN_LANTEIRA_L2,LANTERIA_L2,pinaster,"{""type"":""Point"",""coordinates"":[-3.137561733337176,37.15454095302077]}"
2022_01_01_00000000000000000005,9788,1.48,5644,14,Pinus_pinaster,2021-10-26T00:00:00Z,1353,low,37.18253,-3.17767,41,11.6,PIPIN_JEREZ_L,JEREZ_L,pinaster,"{""type"":""Point"",""coordinates"":[-3.177671347312922,37.18253073033325]}"
2022_01_01_00000000000000000006,13255,1.73,6801,7,Pinus_pinaster,2018-05-09T00:00:00Z,1605,medium,37.16089,-3.19681,33,11.0,PIPIN_JEREZ_M,JEREZ_M,pinaster,"{""type"":""Point"",""coordinates"":[-3.196805349933258,37.160890712920875]}"
2022_01_01_00000000000000000007,12492,1.94,6542,11,Pinus_pinaster,2020-10-06T00:00:00Z,1770,high,37.135,-3.198,40,9.0,PIPIN_JEREZ_H,JEREZ_H,pinaster,"{""type"":""Point"",""coordinates"":[-3.1980003890155833,37.13500117220457]}"
2022_01_01_00000000000000000000,9909,1.59,5938,14,Pinus_halepensis,2018-12-28T00:00:00Z,1212,medium,37.08871,-2.68649,41,10.0,PIHAL_NACIMIENTO_M,NAC_HALEPENSIS,halepensis,"{""type"":""Point"",""coordinates"":[-2.686487988972699,37.088711244168756]}"
2022_01_01_0000000000000000000b,5072,1.33,3012,26,Pinus_halepensis,2022-06-13T00:00:00Z,974,low,37.1101,-2.69854,41,8.7,PIHAL_NACIMIENTO_L,NAC_HALEPENSIS_2,halepensis,"{""type"":""Point"",""coordinates"":[-2.6985409391201634,37.11010155192212]}"
2022_01_01_0000000000000000000c,6764,1.36,4444,11,Pinus_halepensis,2022-06-15T00:00:00Z,1359,high,37.16982,-3.05232,40,11.3,PIHAL_RAGUA_H,RAG PIHA 3,halepensis,"{""type"":""Point"",""coordinates"":[-3.052321557599505,37.16981783322988]}"
2022_01_01_00000000000000000008,13236,3.11,8372,15,Pinus_sylvestris,2018-11-28T00:00:00Z,1633,low,36.95607,-3.30093,37,13.0,PISYL_PORTUGOS_L,PORTUGOS_L,sylvestris,"{""type"":""Point"",""coordinates"":[-3.3009298186322735,36.9560663651319]}"
2022_01_01_00000000000000000009,12510,3.36,7718,18,Pinus_sylvestris,2018-12-11T00:00:00Z,1748,medium,36.96002,-3.30361,47,9.0,PISYL_PORTUGOS_M,PORTUGOS_M,sylvestris,"{""type"":""Point"",""coordinates"":[-3.3036097383653944,36.96001712866525]}"
2022_01_01_0000000000000000000a,10725,3.63,6687,19,Pinus_sylvestris,2018-11-28T00:00:00Z,2000,high,36.96598,-3.31321,35,9.0,PISYL_PORTUGOS_H,PORTUGOS_H,sylvestris,"{""type"":""Point"",""coordinates"":[-3.313214642034517,36.9659789467737]}"
2023_01_01_00000000000000000001,12037,1.84,6679,3,Pinus_nigra,2018-05-10T00:00:00Z,1646,medium,37.14336,-3.14902,39,9.0,PINIG_LANTEIRA_M,LANTEIRA_M,nigra,"{""type"":""Point"",""coordinates"":[-3.14901716394348,37.14335752757873]}"
2023_01_01_00000000000000000002,11240,1.29,6445,9,Pinus_nigra,2021-10-27T00:00:00Z,1585,low,37.14837,-3.14652,40,13.3,PINIG_LANTEIRA_L2,LANTEIRA_L2,nigra,"{""type"":""Point"",""coordinates"":[-3.14652006735355,37.1483695571628]}"
2023_01_01_00000000000000000003,13220,1.95,7016,7,Pinus_nigra,2020-10-06T00:00:00Z,1810,high,37.132,-3.147,41,8.9,PINIG_LANTEIRA_H,LANTEIRA_H,nigra,"{""type"":""Point"",""coordinates"":[-3.1470016502673217,37.1320001971956]}"
2023_01_01_00000000000000000004,9222,1.08,6073,16,Pinus_pinaster,2021-10-27T00:00:00Z,1433,low2,37.15454,-3.13756,37,12.1,PIPIN_LANTEIRA_L2,LANTERIA_L2,pinaster,"{""type"":""Point"",""coordinates"":[-3.137561733337176,37.15454095302077]}"
2023_01_01_00000000000000000005,10543,1.48,6010,3,Pinus_pinaster,2021-10-26T00:00:00Z,1353,low,37.18253,-3.17767,41,11.6,PIPIN_JEREZ_L,JEREZ_L,pinaster,"{""type"":""Point"",""coordinates"":[-3.177671347312922,37.18253073033325]}"
2023_01_01_00000000000000000006,14099,1.73,6966,7,Pinus_pinaster,2018-05-09T00:00:00Z,1605,medium,37.16089,-3.19681,33,11.0,PIPIN_JEREZ_M,JEREZ_M,pinaster,"{""type"":""Point"",""coordinates"":[-3.196805349933258,37.160890712920875]}"
2023_01_01_00000000000000000007,13840,1.94,7182,11,Pinus_pinaster,2020-10-06T00:00:00Z,1770,high,37.135,-3.198,40,9.0,PIPIN_JEREZ_H,JEREZ_H,pinaster,"{""type"":""Point"",""coordinates"":[-3.1980003890155833,37.13500117220457]}"
2023_01_01_00000000000000000000,10702,1.59,6399,5,Pinus_halepensis,2018-12-28T00:00:00Z,1212,medium,37.08871,-2.68649,41,10.0,PIHAL_NACIMIENTO_M,NAC_HALEPENSIS,halepensis,"{""type"":""Point"",""coordinates"":[-2.686487988972699,37.088711244168756]}"
2023_01_01_0000000000000000000b,5259,1.33,3170,9,Pinus_halepensis,2022-06-13T00:00:00Z,974,low,37.1101,-2.69854,41,8.7,PIHAL_NACIMIENTO_L,NAC_HALEPENSIS_2,halepensis,"{""type"":""Point"",""coordinates"":[-2.6985409391201634,37.11010155192212]}"
2023_01_01_0000000000000000000c,8305,1.36,5442,7,Pinus_halepensis,2022-06-15T00:00:00Z,1359,high,37.16982,-3.05232,40,11.3,PIHAL_RAGUA_H,RAG PIHA 3,halepensis,"{""type"":""Point"",""coordinates"":[-3.052321557599505,37.16981783322988]}"
2023_01_01_00000000000000000008,14208,3.11,8996,3,Pinus_sylvestris,2018-11-28T00:00:00Z,1633,low,36.95607,-3.30093,37,13.0,PISYL_PORTUGOS_L,PORTUGOS_L,sylvestris,"{""type"":""Point"",""coordinates"":[-3.3009298186322735,36.9560663651319]}"
2023_01_01_00000000000000000009,13639,3.36,8494,7,Pinus_sylvestris,2018-12-11T00:00:00Z,1748,medium,36.96002,-3.30361,47,9.0,PISYL_PORTUGOS_M,PORTUGOS_M,sylvestris,"{""type"":""Point"",""coordinates"":[-3.3036097383653944,36.96001712866525]}"
2023_01_01_0000000000000000000a,11872,3.63,7470,18,Pinus_sylvestris,2018-11-28T00:00:00Z,2000,high,36.96598,-3.31321,35,9.0,PISYL_PORTUGOS_H,PORTUGOS_H,sylvestris,"{""type"":""Point"",""coordinates"":[-3.313214642034517,36.9659789467737]}"
