"","year","pie","RW","pie"
"1",1960,8,0.965,8
"2",1961,8,0.83,8
"3",1962,8,1.29,8
"4",1963,8,2.365,8
"5",1964,8,2.585,8
"6",1965,8,2.26,8
"7",1966,8,3.29,8
"8",1967,8,3.515,8
"9",1968,8,2.95,8
"10",1969,8,2.97,8
"11",1970,8,2.24,8
"12",1971,8,3.01,8
"13",1972,8,2.425,8
"14",1973,8,1.845,8
"15",1974,8,1.92,8
"16",1975,8,2.105,8
"17",1976,8,2.11,8
"18",1977,8,2.765,8
"19",1978,8,3.455,8
"20",1979,8,3.41,8
"21",1980,8,3.05,8
"22",1981,8,1.77,8
"23",1982,8,1.575,8
"24",1983,8,1.27,8
"25",1984,8,1.605,8
"26",1985,8,1.685,8
"27",1986,8,1.325,8
"28",1987,8,0.6,8
"29",1988,8,0.965,8
"30",1989,8,1.645,8
"31",1990,8,1.975,8
"32",1991,8,1.055,8
"33",1992,8,0.96,8
"34",1993,8,1.19,8
"35",1994,8,0.52,8
"36",1995,8,0.64,8
"37",1996,8,1.315,8
"38",1997,8,1.11,8
"39",1998,8,1.245,8
"40",1999,8,0.445,8
"41",2000,8,1.435,8
"42",2001,8,1.8,8
"43",2002,8,1.71,8
"44",2003,8,1.355,8
"45",2004,8,0.725,8
"46",2005,8,0.195,8
"47",2006,8,0.495,8
"48",2007,8,0.585,8
"49",2008,8,0.355,8
"50",2009,8,0.98,8
"51",2010,8,1.39,8
"52",2011,8,1.155,8
"53",2012,8,0.34,8
"54",2013,8,0.735,8
"55",2014,8,0.535,8
"56",2015,8,0.93,8
"57",2016,8,0.365,8
"58",2017,8,0.66,8
"59",1960,10,1.155,10
"60",1961,10,1.45,10
"61",1962,10,1.45,10
"62",1963,10,2.835,10
"63",1964,10,2.35,10
"64",1965,10,1.875,10
"65",1966,10,2.915,10
"66",1967,10,2.575,10
"67",1968,10,2.655,10
"68",1969,10,2.415,10
"69",1970,10,1.465,10
"70",1971,10,3.33,10
"71",1972,10,2.425,10
"72",1973,10,2.04,10
"73",1974,10,1.505,10
"74",1975,10,1.31,10
"75",1976,10,1.565,10
"76",1977,10,1.725,10
"77",1978,10,1.985,10
"78",1979,10,2.145,10
"79",1980,10,1.73,10
"80",1981,10,0.51,10
"81",1982,10,0.65,10
"82",1983,10,0.705,10
"83",1984,10,1.4,10
"84",1985,10,1.175,10
"85",1986,10,0.585,10
"86",1987,10,0.185,10
"87",1988,10,0.52,10
"88",1989,10,1.185,10
"89",1990,10,1.15,10
"90",1991,10,0.655,10
"91",1992,10,0.35,10
"92",1993,10,0.42,10
"93",1994,10,0.095,10
"94",1995,10,0.02,10
"95",1996,10,0.165,10
"96",1997,10,0.21,10
"97",1998,10,0.195,10
"98",1999,10,0.04,10
"99",2000,10,0.285,10
"100",2001,10,0.535,10
"101",2002,10,0.32,10
"102",2003,10,0.305,10
"103",2004,10,0.235,10
"104",2005,10,0.085,10
"105",2006,10,0.195,10
"106",2007,10,0.195,10
"107",2008,10,0.1,10
"108",2009,10,0.275,10
"109",2010,10,0.355,10
"110",2011,10,0.475,10
"111",2012,10,0.15,10
"112",2013,10,0.36,10
"113",2014,10,0.245,10
"114",2015,10,0.34,10
"115",2016,10,0.105,10
"116",2017,10,0.16,10
"117",1962,12,1.345,12
"118",1963,12,2.115,12
"119",1964,12,3.275,12
"120",1965,12,2.505,12
"121",1966,12,2.805,12
"122",1967,12,2.85,12
"123",1968,12,2.995,12
"124",1969,12,4.365,12
"125",1970,12,4.045,12
"126",1971,12,4.46,12
"127",1972,12,2.865,12
"128",1973,12,3.61,12
"129",1974,12,3.14,12
"130",1975,12,3.32,12
"131",1976,12,3.015,12
"132",1977,12,2.455,12
"133",1978,12,4.24,12
"134",1979,12,3.585,12
"135",1980,12,2.515,12
"136",1981,12,1.155,12
"137",1982,12,1.105,12
"138",1983,12,0.66,12
"139",1984,12,0.825,12
"140",1985,12,0.495,12
"141",1986,12,0.525,12
"142",1987,12,0.24,12
"143",1988,12,0.29,12
"144",1989,12,0.525,12
"145",1990,12,0.92,12
"146",1991,12,0.685,12
"147",1992,12,0.37,12
"148",1993,12,0.4,12
"149",1994,12,0.07,12
"150",1995,12,0.125,12
"151",1996,12,0.275,12
"152",1997,12,0.21,12
"153",1998,12,0.46,12
"154",1999,12,0.175,12
"155",2000,12,0.535,12
"156",2001,12,0.405,12
"157",2002,12,0.4,12
"158",2003,12,0.49,12
"159",2004,12,0.29,12
"160",2005,12,0.03,12
"161",2006,12,0.095,12
"162",2007,12,0.19,12
"163",2008,12,0.18,12
"164",2009,12,0.37,12
"165",2010,12,0.335,12
"166",2011,12,0.56,12
"167",2012,12,0.065,12
"168",2013,12,0.19,12
"169",2014,12,0.065,12
"170",2015,12,0.155,12
"171",2016,12,0.06,12
"172",2017,12,0.215,12
"173",1960,13,0.76,13
"174",1961,13,1.275,13
"175",1962,13,1.53,13
"176",1963,13,2.68,13
"177",1964,13,2.96,13
"178",1965,13,2.395,13
"179",1966,13,2.51,13
"180",1967,13,2.455,13
"181",1968,13,1.595,13
"182",1969,13,2.105,13
"183",1970,13,1.455,13
"184",1971,13,2.095,13
"185",1972,13,2.075,13
"186",1973,13,1.86,13
"187",1974,13,2.05,13
"188",1975,13,2.02,13
"189",1976,13,2.835,13
"190",1977,13,3.415,13
"191",1978,13,3.84,13
"192",1979,13,2.84,13
"193",1980,13,2.3,13
"194",1981,13,1.205,13
"195",1982,13,1.07,13
"196",1983,13,0.74,13
"197",1984,13,1.215,13
"198",1985,13,1.42,13
"199",1986,13,0.76,13
"200",1987,13,0.2,13
"201",1988,13,0.125,13
"202",1989,13,0.43,13
"203",1990,13,0.85,13
"204",1991,13,0.525,13
"205",1992,13,0.45,13
"206",1993,13,0.765,13
"207",1994,13,0.16,13
"208",1995,13,0.3,13
"209",1996,13,0.675,13
"210",1997,13,0.755,13
"211",1998,13,0.275,13
"212",1999,13,0.135,13
"213",2000,13,0.52,13
"214",2001,13,0.52,13
"215",2002,13,0.5,13
"216",2003,13,0.375,13
"217",2004,13,0.22,13
"218",2005,13,0.055,13
"219",2006,13,0.185,13
"220",2007,13,0.17,13
"221",2008,13,0.06,13
"222",2009,13,0.34,13
"223",2010,13,0.695,13
"224",2011,13,0.82,13
"225",2012,13,0.105,13
"226",2013,13,0.25,13
"227",2014,13,0.115,13
"228",2015,13,0.25,13
"229",2016,13,0.105,13
"230",2017,13,0.26,13
"231",1960,14,1.315,14
"232",1961,14,2.015,14
"233",1962,14,3.85,14
"234",1963,14,5.04,14
"235",1964,14,4.46,14
"236",1965,14,1.85,14
"237",1966,14,1.18,14
"238",1967,14,2.065,14
"239",1968,14,2.875,14
"240",1969,14,3.03,14
"241",1970,14,2.54,14
"242",1971,14,2.165,14
"243",1972,14,1.51,14
"244",1973,14,0.85,14
"245",1974,14,1.035,14
"246",1975,14,1.015,14
"247",1976,14,0.9,14
"248",1977,14,1.865,14
"249",1978,14,2.64,14
"250",1979,14,2.95,14
"251",1980,14,1.92,14
"252",1981,14,1.315,14
"253",1982,14,1.41,14
"254",1983,14,1.17,14
"255",1984,14,1.685,14
"256",1985,14,1.715,14
"257",1986,14,0.675,14
"258",1987,14,0.28,14
"259",1988,14,0.54,14
"260",1989,14,1.215,14
"261",1990,14,2.035,14
"262",1991,14,0.8,14
"263",1992,14,0.895,14
"264",1993,14,0.79,14
"265",1994,14,0.265,14
"266",1995,14,0.29,14
"267",1996,14,1.06,14
"268",1997,14,0.84,14
"269",1998,14,0.49,14
"270",1999,14,0.21,14
"271",2000,14,0.75,14
"272",2001,14,0.745,14
"273",2002,14,0.23,14
"274",2003,14,0.48,14
"275",2004,14,0.3,14
"276",2005,14,0.03,14
"277",2006,14,0.155,14
"278",2007,14,0.15,14
"279",2008,14,0.065,14
"280",2009,14,0.255,14
"281",2010,14,0.39,14
"282",2011,14,0.325,14
"283",2012,14,0.15,14
"284",2013,14,0.18,14
"285",2014,14,0.145,14
"286",2015,14,0.2,14
"287",1960,18,1.705,18
"288",1961,18,2.04,18
"289",1962,18,2.655,18
"290",1963,18,2.52,18
"291",1964,18,2.75,18
"292",1965,18,2.2,18
"293",1966,18,2.735,18
"294",1967,18,3.51,18
"295",1968,18,3.105,18
"296",1969,18,3.37,18
"297",1970,18,2.455,18
"298",1971,18,2.27,18
"299",1972,18,1.895,18
"300",1973,18,1.375,18
"301",1974,18,0.975,18
"302",1975,18,1.235,18
"303",1976,18,1.385,18
"304",1977,18,1.825,18
"305",1978,18,2.685,18
"306",1979,18,2.795,18
"307",1980,18,1.94,18
"308",1981,18,1.1,18
"309",1982,18,0.95,18
"310",1983,18,0.765,18
"311",1984,18,1.195,18
"312",1985,18,0.83,18
"313",1986,18,0.355,18
"314",1987,18,0.165,18
"315",1988,18,0.285,18
"316",1989,18,1.01,18
"317",1990,18,1.35,18
"318",1991,18,0.76,18
"319",1992,18,0.48,18
"320",1993,18,0.455,18
"321",1994,18,0.115,18
"322",1995,18,0.08,18
"323",1996,18,0.18,18
"324",1997,18,0.32,18
"325",1998,18,0.265,18
"326",1999,18,0.03,18
"327",2000,18,0.185,18
"328",2001,18,0.18,18
"329",2002,18,0.115,18
"330",2003,18,0.235,18
"331",2004,18,0.08,18
"332",2005,18,0.03,18
"333",2006,18,0.2,18
"334",2007,18,0.125,18
"335",2008,18,0.135,18
"336",2009,18,0.255,18
"337",2010,18,0.405,18
"338",2011,18,0.405,18
"339",2012,18,0.095,18
"340",2013,18,0.215,18
"341",2014,18,0.17,18
"342",2015,18,0.35,18
"343",2016,18,0.09,18
"344",2017,18,0.23,18
"345",1959,19,0.73,19
"346",1960,19,1.215,19
"347",1961,19,1.735,19
"348",1962,19,2.695,19
"349",1963,19,3.345,19
"350",1964,19,4.525,19
"351",1965,19,2.76,19
"352",1966,19,2.135,19
"353",1967,19,2.385,19
"354",1968,19,2.48,19
"355",1969,19,3.24,19
"356",1970,19,3.685,19
"357",1971,19,2.925,19
"358",1972,19,1.91,19
"359",1973,19,1.695,19
"360",1974,19,1.385,19
"361",1975,19,2.105,19
"362",1976,19,1.965,19
"363",1977,19,2.31,19
"364",1978,19,3.4,19
"365",1979,19,3.64,19
"366",1980,19,2.18,19
"367",1981,19,0.97,19
"368",1982,19,1.09,19
"369",1983,19,0.78,19
"370",1984,19,0.56,19
"371",1985,19,0.585,19
"372",1986,19,0.23,19
"373",1987,19,0.07,19
"374",1988,19,0.24,19
"375",1989,19,0.91,19
"376",1990,19,1.475,19
"377",1991,19,0.48,19
"378",1992,19,0.57,19
"379",1993,19,0.585,19
"380",1994,19,0.215,19
"381",1995,19,0.035,19
"382",1996,19,0.32,19
"383",1997,19,0.89,19
"384",1998,19,0.84,19
"385",1999,19,0.105,19
"386",2000,19,0.49,19
"387",2001,19,0.33,19
"388",2002,19,0.315,19
"389",2003,19,0.41,19
"390",2004,19,0.375,19
"391",2005,19,0.065,19
"392",2006,19,0.34,19
"393",2007,19,0.235,19
"394",2008,19,0.1,19
"395",2009,19,0.45,19
"396",2010,19,0.335,19
"397",2011,19,0.27,19
"398",2012,19,0.06,19
"399",2013,19,0.225,19
"400",2014,19,0.13,19
"401",2015,19,0.31,19
"402",2016,19,0.1,19
"403",2017,19,0.195,19
"404",1960,20,1.505,20
"405",1961,20,2.305,20
"406",1962,20,3.025,20
"407",1963,20,4.925,20
"408",1964,20,4.495,20
"409",1965,20,2.445,20
"410",1966,20,4.03,20
"411",1967,20,3.675,20
"412",1968,20,3.285,20
"413",1969,20,3.54,20
"414",1970,20,3.9,20
"415",1971,20,3.895,20
"416",1972,20,2.91,20
"417",1973,20,2.715,20
"418",1974,20,2.84,20
"419",1975,20,2.325,20
"420",1976,20,2.1,20
"421",1977,20,1.87,20
"422",1978,20,2.115,20
"423",1979,20,1.445,20
"424",1980,20,1.63,20
"425",1981,20,0.605,20
"426",1982,20,0.57,20
"427",1983,20,0.425,20
"428",1984,20,0.695,20
"429",1985,20,0.475,20
"430",1986,20,0.2,20
"431",1987,20,0.125,20
"432",1988,20,0.32,20
"433",1989,20,0.55,20
"434",1990,20,1.025,20
"435",1991,20,0.48,20
"436",1992,20,0.47,20
"437",1993,20,0.595,20
"438",1994,20,0.165,20
"439",1995,20,0.215,20
"440",1996,20,0.44,20
"441",1997,20,0.39,20
"442",1998,20,0.12,20
"443",1999,20,0.09,20
"444",2000,20,0.39,20
"445",2001,20,0.38,20
"446",2002,20,0.375,20
"447",2003,20,0.525,20
"448",2004,20,0.085,20
"449",2005,20,0.03,20
"450",2006,20,0.11,20
"451",2007,20,0.055,20
"452",2008,20,0.03,20
"453",2009,20,0.295,20
"454",2010,20,0.355,20
"455",2011,20,0.525,20
"456",2012,20,0.15,20
"457",2013,20,0.22,20
"458",2014,20,0.13,20
"459",2015,20,0.205,20
"460",2016,20,0.15,20
"461",2017,20,0.22,20
"462",1961,21,0.92,21
"463",1962,21,0.81,21
"464",1963,21,2.135,21
"465",1964,21,1.735,21
"466",1965,21,1.295,21
"467",1966,21,2.985,21
"468",1967,21,2.715,21
"469",1968,21,2.92,21
"470",1969,21,3.575,21
"471",1970,21,2.565,21
"472",1971,21,3.575,21
"473",1972,21,2.98,21
"474",1973,21,2.575,21
"475",1974,21,2.51,21
"476",1975,21,2.35,21
"477",1976,21,3.235,21
"478",1977,21,3.28,21
"479",1978,21,3.63,21
"480",1979,21,3.87,21
"481",1980,21,2.12,21
"482",1981,21,1.63,21
"483",1982,21,1.635,21
"484",1983,21,1.45,21
"485",1984,21,3.455,21
"486",1985,21,2.71,21
"487",1986,21,1.005,21
"488",1987,21,0.655,21
"489",1988,21,1.035,21
"490",1989,21,1.355,21
"491",1990,21,2.59,21
"492",1991,21,1.58,21
"493",1992,21,0.855,21
"494",1993,21,0.89,21
"495",1994,21,0.16,21
"496",1995,21,0.425,21
"497",1996,21,1.915,21
"498",1997,21,1.425,21
"499",1998,21,0.865,21
"500",1999,21,0.15,21
"501",2000,21,0.9,21
"502",2001,21,0.87,21
"503",2002,21,0.93,21
"504",2003,21,1.08,21
"505",2004,21,0.74,21
"506",2005,21,0.05,21
"507",2006,21,0.4,21
"508",2007,21,0.21,21
"509",2008,21,0.145,21
"510",2009,21,0.945,21
"511",2010,21,1.21,21
"512",2011,21,1.2,21
"513",2012,21,0.11,21
"514",2013,21,0.5,21
"515",2014,21,0.135,21
"516",2015,21,0.4,21
"517",2016,21,0.14,21
"518",2017,21,0.56,21
"519",1960,22,1.955,22
"520",1961,22,2.94,22
"521",1962,22,3.34,22
"522",1963,22,5.015,22
"523",1964,22,4.255,22
"524",1965,22,2.405,22
"525",1966,22,3.92,22
"526",1967,22,3.36,22
"527",1968,22,2.765,22
"528",1969,22,3.675,22
"529",1970,22,4.03,22
"530",1971,22,3.705,22
"531",1972,22,3.015,22
"532",1973,22,2.49,22
"533",1974,22,2.145,22
"534",1975,22,2.2,22
"535",1976,22,1.94,22
"536",1977,22,1.885,22
"537",1978,22,2.45,22
"538",1979,22,2.5,22
"539",1980,22,1.425,22
"540",1981,22,0.78,22
"541",1982,22,0.645,22
"542",1983,22,0.51,22
"543",1984,22,0.625,22
"544",1985,22,0.785,22
"545",1986,22,0.65,22
"546",1987,22,0.28,22
"547",1988,22,0.37,22
"548",1989,22,0.72,22
"549",1990,22,1.41,22
"550",1991,22,0.76,22
"551",1992,22,0.485,22
"552",1993,22,0.38,22
"553",1994,22,0.085,22
"554",1995,22,0.055,22
"555",1996,22,0.26,22
"556",1997,22,0.36,22
"557",1998,22,0.215,22
"558",1999,22,0.03,22
"559",2000,22,0.205,22
"560",2001,22,0.135,22
"561",2002,22,0.03,22
"562",2003,22,0.2,22
"563",2004,22,0.145,22
"564",2005,22,0.03,22
"565",2006,22,0.125,22
"566",2007,22,0.06,22
"567",2008,22,0.03,22
"568",2009,22,0.24,22
"569",2010,22,0.35,22
"570",2011,22,0.4,22
"571",2012,22,0.135,22
"572",2013,22,0.145,22
"573",2014,22,0.07,22
"574",2015,22,0.15,22
"575",2016,22,0.08,22
"576",1961,23,1.19,23
"577",1962,23,1.575,23
"578",1963,23,2.525,23
"579",1964,23,2.93,23
"580",1965,23,1.605,23
"581",1966,23,3.095,23
"582",1967,23,3.12,23
"583",1968,23,2.91,23
"584",1969,23,3.855,23
"585",1970,23,2.955,23
"586",1971,23,3.14,23
"587",1972,23,2.42,23
"588",1973,23,2.13,23
"589",1974,23,2.5,23
"590",1975,23,2.205,23
"591",1976,23,2.265,23
"592",1977,23,2.595,23
"593",1978,23,2.96,23
"594",1979,23,3.33,23
"595",1980,23,2.13,23
"596",1981,23,0.965,23
"597",1982,23,1.43,23
"598",1983,23,1.08,23
"599",1984,23,2.255,23
"600",1985,23,1.695,23
"601",1986,23,1.245,23
"602",1987,23,0.775,23
"603",1988,23,0.925,23
"604",1989,23,1.305,23
"605",1990,23,2.52,23
"606",1991,23,1.355,23
"607",1992,23,0.79,23
"608",1993,23,0.805,23
"609",1994,23,0.26,23
"610",1995,23,0.445,23
"611",1996,23,1.365,23
"612",1997,23,1.57,23
"613",1998,23,1.63,23
"614",1999,23,0.51,23
"615",2000,23,1.67,23
"616",2001,23,1.485,23
"617",2002,23,1.3,23
"618",2003,23,0.755,23
"619",2004,23,0.38,23
"620",2005,23,0.105,23
"621",2006,23,0.16,23
"622",2007,23,0.115,23
"623",2008,23,0.04,23
"624",2009,23,0.2,23
"625",2010,23,0.67,23
"626",2011,23,1.01,23
"627",2012,23,0.18,23
"628",2013,23,0.59,23
"629",2014,23,0.3,23
"630",2015,23,0.405,23
"631",2016,23,0.245,23
"632",2017,23,0.555,23
"633",1961,24,1.725,24
"634",1962,24,2.81,24
"635",1963,24,3.435,24
"636",1964,24,4.225,24
"637",1965,24,2.5,24
"638",1966,24,3.575,24
"639",1967,24,3.26,24
"640",1968,24,3.14,24
"641",1969,24,4.03,24
"642",1970,24,4.09,24
"643",1971,24,3.985,24
"644",1972,24,2.69,24
"645",1973,24,2.21,24
"646",1974,24,1.715,24
"647",1975,24,1.515,24
"648",1976,24,1.085,24
"649",1977,24,1.285,24
"650",1978,24,2.035,24
"651",1979,24,2.09,24
"652",1980,24,1.26,24
"653",1981,24,0.785,24
"654",1982,24,0.78,24
"655",1983,24,0.56,24
"656",1984,24,0.93,24
"657",1985,24,1.055,24
"658",1986,24,0.58,24
"659",1987,24,0.24,24
"660",1988,24,0.38,24
"661",1989,24,0.98,24
"662",1990,24,2.01,24
"663",1991,24,0.965,24
"664",1992,24,0.755,24
"665",1993,24,0.67,24
"666",1994,24,0.25,24
"667",1995,24,0.355,24
"668",1996,24,1.035,24
"669",1997,24,1.085,24
"670",1998,24,0.24,24
"671",1999,24,0.22,24
"672",2000,24,0.635,24
"673",2001,24,0.65,24
"674",2002,24,0.615,24
"675",2003,24,0.815,24
"676",2004,24,0.785,24
"677",2005,24,0.185,24
"678",2006,24,0.645,24
"679",2007,24,0.385,24
"680",2008,24,0.3,24
"681",2009,24,0.93,24
"682",2010,24,1.37,24
"683",2011,24,0.62,24
"684",2012,24,0.18,24
"685",2013,24,0.37,24
"686",2014,24,0.205,24
"687",2015,24,0.615,24
"688",2016,24,0.23,24
"689",2017,24,0.445,24
"690",1961,25,0.765,25
"691",1962,25,1.085,25
"692",1963,25,2.325,25
"693",1964,25,3.125,25
"694",1965,25,3.175,25
"695",1966,25,4.41,25
"696",1967,25,3.715,25
"697",1968,25,3.11,25
"698",1969,25,3.73,25
"699",1970,25,4.02,25
"700",1971,25,3.64,25
"701",1972,25,2.865,25
"702",1973,25,2.735,25
"703",1974,25,2.415,25
"704",1975,25,2.145,25
"705",1976,25,2.36,25
"706",1977,25,2.76,25
"707",1978,25,3.095,25
"708",1979,25,2.06,25
"709",1980,25,1.17,25
"710",1981,25,0.47,25
"711",1982,25,0.58,25
"712",1983,25,0.625,25
"713",1984,25,0.985,25
"714",1985,25,1.425,25
"715",1986,25,0.635,25
"716",1987,25,0.305,25
"717",1988,25,0.68,25
"718",1989,25,1.25,25
"719",1990,25,2.105,25
"720",1991,25,1.08,25
"721",1992,25,0.515,25
"722",1993,25,0.505,25
"723",1994,25,0.09,25
"724",1995,25,0.15,25
"725",1996,25,0.775,25
"726",1997,25,1.065,25
"727",1998,25,0.52,25
"728",1999,25,0.07,25
"729",2000,25,0.38,25
"730",2001,25,0.395,25
"731",2002,25,0.49,25
"732",2003,25,0.55,25
"733",2004,25,0.3,25
"734",2005,25,0.035,25
"735",2006,25,0.14,25
"736",2007,25,0.155,25
"737",2008,25,0.045,25
"738",2009,25,0.24,25
"739",2010,25,0.62,25
"740",2011,25,0.715,25
"741",2012,25,0.125,25
"742",2013,25,0.12,25
"743",1960,26,1.32,26
"744",1961,26,1.355,26
"745",1962,26,1.8,26
"746",1963,26,2.63,26
"747",1964,26,2.74,26
"748",1965,26,2.24,26
"749",1966,26,3.05,26
"750",1967,26,3.32,26
"751",1968,26,2.465,26
"752",1969,26,2.92,26
"753",1970,26,2.48,26
"754",1971,26,3.24,26
"755",1972,26,3.025,26
"756",1973,26,3.18,26
"757",1974,26,2.625,26
"758",1975,26,2.465,26
"759",1976,26,2.48,26
"760",1977,26,2.93,26
"761",1978,26,3.73,26
"762",1979,26,2.81,26
"763",1980,26,2.19,26
"764",1981,26,1.255,26
"765",1982,26,1.625,26
"766",1983,26,0.86,26
"767",1984,26,1.535,26
"768",1985,26,1.395,26
"769",1986,26,0.73,26
"770",1987,26,0.39,26
"771",1988,26,0.43,26
"772",1989,26,0.56,26
"773",1990,26,1.36,26
"774",1991,26,1.105,26
"775",1992,26,0.815,26
"776",1993,26,0.94,26
"777",1994,26,0.19,26
"778",1995,26,0.185,26
"779",1996,26,0.28,26
"780",1997,26,1.345,26
"781",1998,26,1.22,26
"782",1999,26,0.055,26
"783",2000,26,0.44,26
"784",2001,26,0.36,26
"785",2002,26,0.385,26
"786",2003,26,0.575,26
"787",2004,26,0.76,26
"788",2005,26,0.155,26
"789",2006,26,0.46,26
"790",2007,26,0.425,26
"791",2008,26,0.095,26
"792",2009,26,0.585,26
"793",2010,26,0.99,26
"794",2011,26,0.64,26
"795",2012,26,0.105,26
"796",2013,26,0.33,26
"797",2014,26,0.105,26
"798",2015,26,0.36,26
"799",2016,26,0.1,26
"800",2017,26,0.345,26
"801",1960,27,2.22,27
"802",1961,27,2.56,27
"803",1962,27,4.69,27
"804",1963,27,5.85,27
"805",1964,27,5.715,27
"806",1965,27,3.555,27
"807",1966,27,4.45,27
"808",1967,27,3.89,27
"809",1968,27,2.775,27
"810",1969,27,3.17,27
"811",1970,27,2.715,27
"812",1971,27,3.02,27
"813",1972,27,2.685,27
"814",1973,27,2.485,27
"815",1974,27,2.16,27
"816",1975,27,1.865,27
"817",1976,27,1.66,27
"818",1977,27,3.025,27
"819",1978,27,3.165,27
"820",1979,27,3.15,27
"821",1980,27,2.145,27
"822",1981,27,1.02,27
"823",1982,27,0.985,27
"824",1983,27,1.06,27
"825",1984,27,0.87,27
"826",1985,27,1.135,27
"827",1986,27,0.715,27
"828",1987,27,0.675,27
"829",1988,27,0.685,27
"830",1989,27,0.85,27
"831",1990,27,1.52,27
"832",1991,27,1.3,27
"833",1992,27,0.935,27
"834",1993,27,0.88,27
"835",1994,27,0.28,27
"836",1995,27,0.045,27
"837",1996,27,0.34,27
"838",1997,27,1.2,27
"839",1998,27,1.21,27
"840",1999,27,0.115,27
"841",2000,27,0.52,27
"842",2001,27,0.685,27
"843",2002,27,0.61,27
"844",2003,27,0.575,27
"845",2004,27,0.56,27
"846",2005,27,0.17,27
"847",2006,27,0.455,27
"848",2007,27,0.495,27
"849",2008,27,0.33,27
"850",2009,27,1,27
"851",2010,27,1.215,27
"852",2011,27,1.545,27
"853",2012,27,0.065,27
"854",2013,27,0.14,27
"855",2014,27,0.095,27
"856",2015,27,0.215,27
"857",2016,27,0.135,27
"858",2017,27,0.405,27
"859",1960,30,2.34,30
"860",1961,30,3.035,30
"861",1962,30,4.33,30
"862",1963,30,4.255,30
"863",1964,30,4.17,30
"864",1965,30,2.765,30
"865",1966,30,4.02,30
"866",1967,30,3.685,30
"867",1968,30,2.915,30
"868",1969,30,4.08,30
"869",1970,30,4.54,30
"870",1971,30,4.055,30
"871",1972,30,2.63,30
"872",1973,30,3.05,30
"873",1974,30,2.28,30
"874",1975,30,2.525,30
"875",1976,30,1.905,30
"876",1977,30,2.395,30
"877",1978,30,3.765,30
"878",1979,30,3.075,30
"879",1980,30,1.955,30
"880",1981,30,0.855,30
"881",1982,30,1.145,30
"882",1983,30,0.795,30
"883",1984,30,1.385,30
"884",1985,30,1.235,30
"885",1986,30,0.87,30
"886",1987,30,0.32,30
"887",1988,30,0.735,30
"888",1989,30,1.055,30
"889",1990,30,2.27,30
"890",1991,30,1.145,30
"891",1992,30,0.7,30
"892",1993,30,0.765,30
"893",1994,30,0.11,30
"894",1995,30,0.25,30
"895",1996,30,1.195,30
"896",1997,30,1.13,30
"897",1998,30,0.31,30
"898",1999,30,0.045,30
"899",2000,30,0.345,30
"900",2001,30,0.255,30
"901",2002,30,0.405,30
"902",2003,30,0.465,30
"903",2004,30,0.565,30
"904",2005,30,0.095,30
"905",2006,30,0.25,30
"906",2007,30,0.29,30
"907",2008,30,0.13,30
"908",2009,30,0.74,30
"909",2010,30,1.39,30
"910",2011,30,0.635,30
"911",2012,30,0.055,30
"912",2013,30,0.28,30
"913",2014,30,0.06,30
"914",2015,30,0.19,30
"915",2016,30,0.055,30
"916",2017,30,0.255,30
"917",1962,32,1.66,32
"918",1963,32,1.755,32
"919",1964,32,1.92,32
"920",1965,32,1.88,32
"921",1966,32,3.28,32
"922",1967,32,2.485,32
"923",1968,32,3.485,32
"924",1969,32,2.73,32
"925",1970,32,2.82,32
"926",1971,32,2.395,32
"927",1972,32,2.555,32
"928",1973,32,2.715,32
"929",1974,32,2.085,32
"930",1975,32,1.71,32
"931",1976,32,1.99,32
"932",1977,32,2.805,32
"933",1978,32,3.165,32
"934",1979,32,1.995,32
"935",1980,32,0.83,32
"936",1981,32,0.665,32
"937",1982,32,0.875,32
"938",1983,32,0.51,32
"939",1984,32,0.435,32
"940",1985,32,0.42,32
"941",1986,32,0.155,32
"942",1987,32,0.03,32
"943",1988,32,0.175,32
"944",1989,32,0.365,32
"945",1990,32,0.71,32
"946",1991,32,0.48,32
"947",1992,32,0.4,32
"948",1993,32,0.36,32
"949",1994,32,0.08,32
"950",1995,32,0.065,32
"951",1996,32,0.255,32
"952",1997,32,0.19,32
"953",1998,32,0.1,32
"954",1999,32,0.06,32
"955",2000,32,0.065,32
"956",2001,32,0.16,32
"957",2002,32,0.1,32
"958",2003,32,0.2,32
"959",2004,32,0.15,32
"960",2005,32,0.03,32
"961",2006,32,0.16,32
"962",2007,32,0.11,32
"963",2008,32,0.09,32
"964",2009,32,0.08,32
"965",1962,33,1.165,33
"966",1963,33,2.255,33
"967",1964,33,3.48,33
"968",1965,33,3.015,33
"969",1966,33,4.505,33
"970",1967,33,4.4,33
"971",1968,33,3.665,33
"972",1969,33,3.885,33
"973",1970,33,3.425,33
"974",1971,33,3.285,33
"975",1972,33,2.725,33
"976",1973,33,2.83,33
"977",1974,33,2.245,33
"978",1975,33,2.105,33
"979",1976,33,1.57,33
"980",1977,33,2.24,33
"981",1978,33,3.14,33
"982",1979,33,3.05,33
"983",1980,33,1.86,33
"984",1981,33,1.08,33
"985",1982,33,1.01,33
"986",1983,33,0.72,33
"987",1984,33,1.13,33
"988",1985,33,1.27,33
"989",1986,33,0.91,33
"990",1987,33,0.485,33
"991",1988,33,0.71,33
"992",1989,33,0.71,33
"993",1990,33,2,33
"994",1991,33,0.89,33
"995",1992,33,0.81,33
"996",1993,33,0.785,33
"997",1994,33,0.17,33
"998",1995,33,0.285,33
"999",1996,33,1.325,33
"1000",1997,33,1.635,33
"1001",1998,33,0.97,33
"1002",1999,33,0.315,33
"1003",2000,33,0.575,33
"1004",2001,33,0.475,33
"1005",2002,33,0.74,33
"1006",2003,33,1.19,33
"1007",2004,33,0.96,33
"1008",2005,33,0.13,33
"1009",2006,33,0.4,33
"1010",2007,33,0.225,33
"1011",2008,33,0.115,33
"1012",2009,33,0.62,33
"1013",2010,33,1.105,33
"1014",2011,33,1.13,33
"1015",2012,33,0.1,33
"1016",2013,33,0.265,33
"1017",2014,33,0.095,33
"1018",2015,33,0.29,33
"1019",2016,33,0.095,33
"1020",2017,33,0.485,33
"1021",1961,34,0.765,34
"1022",1962,34,0.81,34
"1023",1963,34,1.74,34
"1024",1964,34,1.56,34
"1025",1965,34,0.96,34
"1026",1966,34,1.835,34
"1027",1967,34,2.595,34
"1028",1968,34,1.91,34
"1029",1969,34,2.31,34
"1030",1970,34,2.14,34
"1031",1971,34,3.05,34
"1032",1972,34,1.85,34
"1033",1973,34,1.135,34
"1034",1974,34,1.075,34
"1035",1975,34,1.48,34
"1036",1976,34,0.995,34
"1037",1977,34,1.225,34
"1038",1978,34,1.595,34
"1039",1979,34,1.295,34
"1040",1980,34,1.105,34
"1041",1981,34,0.305,34
"1042",1982,34,0.59,34
"1043",1983,34,0.305,34
"1044",1984,34,0.63,34
"1045",1985,34,0.695,34
"1046",1986,34,0.305,34
"1047",1987,34,0.16,34
"1048",1988,34,0.38,34
"1049",1989,34,0.945,34
"1050",1990,34,1.405,34
"1051",1991,34,0.835,34
"1052",1992,34,0.685,34
"1053",1993,34,0.745,34
"1054",1994,34,0.19,34
"1055",1995,34,0.13,34
"1056",1996,34,0.465,34
"1057",1997,34,0.3,34
"1058",1998,34,0.95,34
"1059",1999,34,0.245,34
"1060",2000,34,0.79,34
"1061",2001,34,0.74,34
"1062",2002,34,0.39,34
"1063",2003,34,0.425,34
"1064",2004,34,0.135,34
"1065",2005,34,0.105,34
"1066",2006,34,0.115,34
"1067",1961,35,1.585,35
"1068",1962,35,1.625,35
"1069",1963,35,2.91,35
"1070",1964,35,3.56,35
"1071",1965,35,2.93,35
"1072",1966,35,3.125,35
"1073",1967,35,3.73,35
"1074",1968,35,3.17,35
"1075",1969,35,4.1,35
"1076",1970,35,3.66,35
"1077",1971,35,3.295,35
"1078",1972,35,3.235,35
"1079",1973,35,3.59,35
"1080",1974,35,3.075,35
"1081",1975,35,2.9,35
"1082",1976,35,3.03,35
"1083",1977,35,3.73,35
"1084",1978,35,4.205,35
"1085",1979,35,3.11,35
"1086",1980,35,1.565,35
"1087",1981,35,0.86,35
"1088",1982,35,1.18,35
"1089",1983,35,0.78,35
"1090",1984,35,0.82,35
"1091",1985,35,1.42,35
"1092",1986,35,1.14,35
"1093",1987,35,0.855,35
"1094",1988,35,0.6,35
"1095",1989,35,1.1,35
"1096",1990,35,2.005,35
"1097",1991,35,1.22,35
"1098",1992,35,1.11,35
"1099",1993,35,1.065,35
"1100",1994,35,0.375,35
"1101",1995,35,0.725,35
"1102",1996,35,1.46,35
"1103",1997,35,1.74,35
"1104",1998,35,0.69,35
"1105",1999,35,0.205,35
"1106",2000,35,0.83,35
"1107",2001,35,1.045,35
"1108",2002,35,0.665,35
"1109",2003,35,0.905,35
"1110",2004,35,0.105,35
"1111",2005,35,0.03,35
"1112",2006,35,0.19,35
"1113",2007,35,0.12,35
"1114",2008,35,0.105,35
"1115",2009,35,0.64,35
"1116",2010,35,1.165,35
"1117",2011,35,0.91,35
"1118",2012,35,0.21,35
"1119",2013,35,0.34,35
"1120",2014,35,0.225,35
"1121",2015,35,0.41,35
"1122",2016,35,0.22,35
"1123",2017,35,0.47,35
"1124",1963,36,1.305,36
"1125",1964,36,1.1,36
"1126",1965,36,2.98,36
"1127",1966,36,3.04,36
"1128",1967,36,2.2,36
"1129",1968,36,1.455,36
"1130",1969,36,2.26,36
"1131",1970,36,1.565,36
"1132",1971,36,2.205,36
"1133",1972,36,1.995,36
"1134",1973,36,2.365,36
"1135",1974,36,1.315,36
"1136",1975,36,1.795,36
"1137",1976,36,1.66,36
"1138",1977,36,2.02,36
"1139",1978,36,2.49,36
"1140",1979,36,2.91,36
"1141",1980,36,2.255,36
"1142",1981,36,1.14,36
"1143",1982,36,1.65,36
"1144",1983,36,1.02,36
"1145",1984,36,1.645,36
"1146",1985,36,2.255,36
"1147",1986,36,0.79,36
"1148",1987,36,0.2,36
"1149",1988,36,0.45,36
"1150",1989,36,1.13,36
"1151",1990,36,2.385,36
"1152",1991,36,0.805,36
"1153",1992,36,0.515,36
"1154",1993,36,0.64,36
"1155",1994,36,0.165,36
"1156",1995,36,0.03,36
"1157",1996,36,0.135,36
"1158",1997,36,0.555,36
"1159",1998,36,0.41,36
"1160",1999,36,0.03,36
"1161",2000,36,0.22,36
"1162",2001,36,0.27,36
"1163",2002,36,0.21,36
"1164",2003,36,0.295,36
"1165",2004,36,0.345,36
"1166",2005,36,0.1,36
"1167",2006,36,0.375,36
"1168",2007,36,0.175,36
"1169",2008,36,0.03,36
"1170",2009,36,0.41,36
"1171",2010,36,0.3,36
"1172",2011,36,0.28,36
"1173",2012,36,0.03,36
"1174",2013,36,0.23,36
"1175",2014,36,0.08,36
"1176",2015,36,0.24,36
"1177",2016,36,0.085,36
"1178",2017,36,0.28,36
"1179",1961,37,1.045,37
"1180",1962,37,1.215,37
"1181",1963,37,2.19,37
"1182",1964,37,1.85,37
"1183",1965,37,1.34,37
"1184",1966,37,2.17,37
"1185",1967,37,2.385,37
"1186",1968,37,2.04,37
"1187",1969,37,2.705,37
"1188",1970,37,2.37,37
"1189",1971,37,2.57,37
"1190",1972,37,2.165,37
"1191",1973,37,1.76,37
"1192",1974,37,2.015,37
"1193",1975,37,1.79,37
"1194",1976,37,2.79,37
"1195",1977,37,3.355,37
"1196",1978,37,2.54,37
"1197",1979,37,2.725,37
"1198",1980,37,2.04,37
"1199",1981,37,0.905,37
"1200",1982,37,1.235,37
"1201",1983,37,1.2,37
"1202",1984,37,1.88,37
"1203",1985,37,2.37,37
"1204",1986,37,2.125,37
"1205",1987,37,0.71,37
"1206",1988,37,1.22,37
"1207",1989,37,1.945,37
"1208",1990,37,2.65,37
"1209",1991,37,1.25,37
"1210",1992,37,1.85,37
"1211",1993,37,1.365,37
"1212",1994,37,0.395,37
"1213",1995,37,0.735,37
"1214",1996,37,1.785,37
"1215",1997,37,1.535,37
"1216",1998,37,0.19,37
"1217",1999,37,0.175,37
"1218",2000,37,0.765,37
"1219",2001,37,0.955,37
"1220",2002,37,1.02,37
"1221",2003,37,0.705,37
"1222",2004,37,0.115,37
"1223",2005,37,0.085,37
"1224",2006,37,0.27,37
"1225",2007,37,0.175,37
"1226",2008,37,0.11,37
"1227",2009,37,0.485,37
"1228",2010,37,0.605,37
"1229",2011,37,0.705,37
"1230",2012,37,0.055,37
"1231",2013,37,0.1,37
"1232",2014,37,0.035,37
"1233",2015,37,0.115,37
"1234",2016,37,0.05,37
"1235",2017,37,0.12,37
"1236",1961,38,1.54,38
"1237",1962,38,2.45,38
"1238",1963,38,3.705,38
"1239",1964,38,5.825,38
"1240",1965,38,4.23,38
"1241",1966,38,5.25,38
"1242",1967,38,4.265,38
"1243",1968,38,2.895,38
"1244",1969,38,3.01,38
"1245",1970,38,2.86,38
"1246",1971,38,2.93,38
"1247",1972,38,2.395,38
"1248",1973,38,2.375,38
"1249",1974,38,2.355,38
"1250",1975,38,1.37,38
"1251",1976,38,1.08,38
"1252",1977,38,1.535,38
"1253",1978,38,2.985,38
"1254",1979,38,2.955,38
"1255",1980,38,2.1,38
"1256",1981,38,0.795,38
"1257",1982,38,0.935,38
"1258",1983,38,0.455,38
"1259",1984,38,0.885,38
"1260",1985,38,0.685,38
"1261",1986,38,0.37,38
"1262",1987,38,0.195,38
"1263",1988,38,0.36,38
"1264",1989,38,1.125,38
"1265",1990,38,1.995,38
"1266",1991,38,1.015,38
"1267",1992,38,0.875,38
"1268",1993,38,0.73,38
"1269",1994,38,0.17,38
"1270",1995,38,0.03,38
"1271",1996,38,0.275,38
"1272",1997,38,1.015,38
"1273",1998,38,0.525,38
"1274",1999,38,0.105,38
"1275",2000,38,0.295,38
"1276",2001,38,0.32,38
"1277",2002,38,0.315,38
"1278",2003,38,0.545,38
"1279",2004,38,0.13,38
"1280",2005,38,0.065,38
"1281",2006,38,0.135,38
"1282",2007,38,0.165,38
"1283",2008,38,0.11,38
"1284",2009,38,0.425,38
"1285",2010,38,0.805,38
"1286",2011,38,0.69,38
"1287",2012,38,0.095,38
"1288",2013,38,0.25,38
"1289",2014,38,0.17,38
"1290",2015,38,0.385,38
"1291",2016,38,0.24,38
"1292",2017,38,0.415,38
"1293",1959,39,1.93,39
"1294",1960,39,2.18,39
"1295",1961,39,2.57,39
"1296",1962,39,3.66,39
"1297",1963,39,6.325,39
"1298",1964,39,6.165,39
"1299",1965,39,3.31,39
"1300",1966,39,3.365,39
"1301",1967,39,2.675,39
"1302",1968,39,2.25,39
"1303",1969,39,3.74,39
"1304",1970,39,3.94,39
"1305",1971,39,3.82,39
"1306",1972,39,2.6,39
"1307",1973,39,2.105,39
"1308",1974,39,2.445,39
"1309",1975,39,1.805,39
"1310",1976,39,1.98,39
"1311",1977,39,2.315,39
"1312",1978,39,2.865,39
"1313",1979,39,2.675,39
"1314",1980,39,1.71,39
"1315",1981,39,0.585,39
"1316",1982,39,0.925,39
"1317",1983,39,0.755,39
"1318",1984,39,1.15,39
"1319",1985,39,1.59,39
"1320",1986,39,0.92,39
"1321",1987,39,0.46,39
"1322",1988,39,0.675,39
"1323",1989,39,0.96,39
"1324",1990,39,1.925,39
"1325",1991,39,1.065,39
"1326",1992,39,0.55,39
"1327",1993,39,0.6,39
"1328",1994,39,0.19,39
"1329",1995,39,0.3,39
"1330",1996,39,1.09,39
"1331",1997,39,1.31,39
"1332",1998,39,0.58,39
"1333",1999,39,0.235,39
"1334",2000,39,0.735,39
"1335",2001,39,0.805,39
"1336",2002,39,0.68,39
"1337",2003,39,0.77,39
"1338",2004,39,0.575,39
"1339",2005,39,0.085,39
"1340",2006,39,0.28,39
"1341",2007,39,0.13,39
"1342",2008,39,0.055,39
"1343",2009,39,0.43,39
"1344",2010,39,0.81,39
"1345",2011,39,0.995,39
"1346",2012,39,0.115,39
"1347",2013,39,0.315,39
"1348",2014,39,0.15,39
"1349",2015,39,0.305,39
"1350",2016,39,0.14,39
"1351",2017,39,0.4,39
"1352",1959,40,2.385,40
"1353",1960,40,2.385,40
"1354",1961,40,1.925,40
"1355",1962,40,3.87,40
"1356",1963,40,5.275,40
"1357",1964,40,3.705,40
"1358",1965,40,1.64,40
"1359",1966,40,1.58,40
"1360",1967,40,1.19,40
"1361",1968,40,1.115,40
"1362",1969,40,1.3,40
"1363",1970,40,1.83,40
"1364",1971,40,1.77,40
"1365",1972,40,1.58,40
"1366",1973,40,1.595,40
"1367",1974,40,1.705,40
"1368",1975,40,1.54,40
"1369",1976,40,1.915,40
"1370",1977,40,2.63,40
"1371",1978,40,3.345,40
"1372",1979,40,3.7,40
"1373",1980,40,2.375,40
"1374",1981,40,1.15,40
"1375",1982,40,1.23,40
"1376",1983,40,1.18,40
"1377",1984,40,2.015,40
"1378",1985,40,2.35,40
"1379",1986,40,1.33,40
"1380",1987,40,0.365,40
"1381",1988,40,0.7,40
"1382",1989,40,0.965,40
"1383",1990,40,2.235,40
"1384",1991,40,0.92,40
"1385",1992,40,0.585,40
"1386",1993,40,0.785,40
"1387",1994,40,0.27,40
"1388",1995,40,0.22,40
"1389",1996,40,1.005,40
"1390",1997,40,1.355,40
"1391",1998,40,0.84,40
"1392",1999,40,0.355,40
"1393",2000,40,0.53,40
"1394",2001,40,0.695,40
"1395",2002,40,0.66,40
"1396",2003,40,0.98,40
"1397",2004,40,1.14,40
"1398",2005,40,0.26,40
"1399",2006,40,0.51,40
"1400",2007,40,0.5,40
"1401",2008,40,0.2,40
"1402",2009,40,0.9,40
"1403",2010,40,1.795,40
"1404",2011,40,1.58,40
"1405",2012,40,0.2,40
"1406",2013,40,0.38,40
"1407",2014,40,0.19,40
"1408",2015,40,0.43,40
"1409",2016,40,0.255,40
"1410",2017,40,0.63,40
"1411",1959,41,1.86,41
"1412",1960,41,1.4,41
"1413",1961,41,1.43,41
"1414",1962,41,2.065,41
"1415",1963,41,1.64,41
"1416",1964,41,6.86,41
"1417",1965,41,4.945,41
"1418",1966,41,5.44,41
"1419",1967,41,5.405,41
"1420",1968,41,4.695,41
"1421",1969,41,4.965,41
"1422",1970,41,4.605,41
"1423",1971,41,3.835,41
"1424",1972,41,3.355,41
"1425",1973,41,4.165,41
"1426",1974,41,3.22,41
"1427",1975,41,3.375,41
"1428",1976,41,2.4,41
"1429",1977,41,2.405,41
"1430",1978,41,3.88,41
"1431",1979,41,3.57,41
"1432",1980,41,2.58,41
"1433",1981,41,1.32,41
"1434",1982,41,1.64,41
"1435",1983,41,1.285,41
"1436",1984,41,1.705,41
"1437",1985,41,2.35,41
"1438",1986,41,1.025,41
"1439",1987,41,0.36,41
"1440",1988,41,0.495,41
"1441",1989,41,0.835,41
"1442",1990,41,2.235,41
"1443",1991,41,1.03,41
"1444",1992,41,0.875,41
"1445",1993,41,0.885,41
"1446",1994,41,0.3,41
"1447",1995,41,0.275,41
"1448",1996,41,0.885,41
"1449",1997,41,1.485,41
"1450",1998,41,0.535,41
"1451",1999,41,0.31,41
"1452",2000,41,0.885,41
"1453",2001,41,0.94,41
"1454",2002,41,0.5,41
"1455",2003,41,0.92,41
"1456",2004,41,0.76,41
"1457",2005,41,0.195,41
"1458",2006,41,0.415,41
"1459",2007,41,0.295,41
"1460",2008,41,0.15,41
"1461",2009,41,0.475,41
"1462",2010,41,1.085,41
"1463",2011,41,1.77,41
"1464",2012,41,0.37,41
"1465",2013,41,0.7,41
"1466",2014,41,0.32,41
"1467",2015,41,0.455,41
"1468",2016,41,0.225,41
"1469",2017,41,0.5,41
"1470",1959,43,1.14,43
"1471",1960,43,0.87,43
"1472",1961,43,2.02,43
"1473",1962,43,1.84,43
"1474",1963,43,4.65,43
"1475",1964,43,4.37,43
"1476",1965,43,2.83,43
"1477",1966,43,3.225,43
"1478",1967,43,2.915,43
"1479",1968,43,1.965,43
"1480",1969,43,2.905,43
"1481",1970,43,2.63,43
"1482",1971,43,2.67,43
"1483",1972,43,2.425,43
"1484",1973,43,2.45,43
"1485",1974,43,2.585,43
"1486",1975,43,1.93,43
"1487",1976,43,1.6,43
"1488",1977,43,1.785,43
"1489",1978,43,2.515,43
"1490",1979,43,2.365,43
"1491",1980,43,1.565,43
"1492",1981,43,1.255,43
"1493",1982,43,1.32,43
"1494",1983,43,0.915,43
"1495",1984,43,1.645,43
"1496",1985,43,1.975,43
"1497",1986,43,1.175,43
"1498",1987,43,0.535,43
"1499",1988,43,0.665,43
"1500",1989,43,1.255,43
"1501",1990,43,2.13,43
"1502",1991,43,1.52,43
"1503",1992,43,1.16,43
"1504",1993,43,1.32,43
"1505",1994,43,0.33,43
"1506",1995,43,0.225,43
"1507",1996,43,0.41,43
"1508",1997,43,1.445,43
"1509",1998,43,1.625,43
"1510",1999,43,0.185,43
"1511",2000,43,0.65,43
"1512",2001,43,0.785,43
"1513",2002,43,0.64,43
"1514",2003,43,0.735,43
"1515",2004,43,0.77,43
"1516",2005,43,0.215,43
"1517",2006,43,0.42,43
"1518",2007,43,0.4,43
"1519",2008,43,0.26,43
"1520",2009,43,0.73,43
"1521",2010,43,1.215,43
"1522",2011,43,1.615,43
"1523",2012,43,0.245,43
"1524",2013,43,0.43,43
"1525",2014,43,0.285,43
"1526",2015,43,0.475,43
"1527",2016,43,0.175,43
"1528",2017,43,0.425,43
"1529",1959,44,1.5,44
"1530",1960,44,2.47,44
"1531",1961,44,3.27,44
"1532",1962,44,3,44
"1533",1963,44,1.835,44
"1534",1964,44,5.4,44
"1535",1965,44,3.7,44
"1536",1966,44,4.52,44
"1537",1967,44,3.945,44
"1538",1968,44,3.12,44
"1539",1969,44,4.06,44
"1540",1970,44,3.92,44
"1541",1971,44,3.305,44
"1542",1972,44,3.53,44
"1543",1973,44,3.78,44
"1544",1974,44,3.22,44
"1545",1975,44,2.28,44
"1546",1976,44,2.875,44
"1547",1977,44,3.12,44
"1548",1978,44,3.55,44
"1549",1979,44,2.86,44
"1550",1980,44,2.14,44
"1551",1981,44,1.3,44
"1552",1982,44,1.57,44
"1553",1983,44,1.295,44
"1554",1984,44,1.815,44
"1555",1985,44,1.34,44
"1556",1986,44,1.285,44
"1557",1987,44,0.95,44
"1558",1988,44,1.02,44
"1559",1989,44,1.83,44
"1560",1990,44,2.885,44
"1561",1991,44,1.29,44
"1562",1992,44,1.385,44
"1563",1993,44,1.365,44
"1564",1994,44,0.55,44
"1565",1995,44,0.68,44
"1566",1996,44,1.445,44
"1567",1997,44,1.875,44
"1568",1998,44,0.73,44
"1569",1999,44,0.32,44
"1570",2000,44,0.58,44
"1571",2001,44,0.595,44
"1572",2002,44,0.725,44
"1573",2003,44,0.71,44
"1574",2004,44,0.73,44
"1575",2005,44,0.465,44
"1576",2006,44,0.74,44
"1577",2007,44,0.475,44
"1578",2008,44,0.47,44
"1579",2009,44,1.325,44
"1580",2010,44,2.585,44
"1581",2011,44,2.085,44
"1582",2012,44,0.255,44
"1583",2013,44,0.565,44
"1584",2014,44,0.345,44
"1585",2015,44,0.545,44
"1586",2016,44,0.225,44
"1587",2017,44,0.59,44
"1588",1961,46,2.495,46
"1589",1962,46,4.525,46
"1590",1963,46,4.845,46
"1591",1964,46,8.325,46
"1592",1965,46,3.975,46
"1593",1966,46,4.045,46
"1594",1967,46,3.68,46
"1595",1968,46,3.11,46
"1596",1969,46,3.395,46
"1597",1970,46,2.975,46
"1598",1971,46,2.67,46
"1599",1972,46,1.795,46
"1600",1973,46,2.705,46
"1601",1974,46,2.285,46
"1602",1975,46,1.84,46
"1603",1976,46,1.92,46
"1604",1977,46,1.435,46
"1605",1978,46,2.335,46
"1606",1979,46,1.875,46
"1607",1980,46,1.455,46
"1608",1981,46,1.155,46
"1609",1982,46,0.88,46
"1610",1983,46,0.74,46
"1611",1984,46,1,46
"1612",1985,46,1.07,46
"1613",1986,46,0.735,46
"1614",1987,46,0.455,46
"1615",1988,46,0.82,46
"1616",1989,46,1.035,46
"1617",1990,46,1.985,46
"1618",1991,46,1.045,46
"1619",1992,46,0.83,46
"1620",1993,46,1.005,46
"1621",1994,46,0.405,46
"1622",1995,46,0.055,46
"1623",1996,46,0.475,46
"1624",1997,46,1.12,46
"1625",1998,46,1.47,46
"1626",1999,46,0.17,46
"1627",2000,46,0.645,46
"1628",2001,46,0.65,46
"1629",2002,46,0.535,46
"1630",2003,46,0.73,46
"1631",2004,46,0.495,46
"1632",2005,46,0.27,46
"1633",2006,46,0.39,46
"1634",2007,46,0.3,46
"1635",2008,46,0.18,46
"1636",2009,46,0.55,46
"1637",2010,46,0.89,46
"1638",2011,46,0.835,46
"1639",2012,46,0.235,46
"1640",2013,46,0.59,46
"1641",2014,46,0.255,46
"1642",2015,46,0.36,46
"1643",2016,46,0.23,46
"1644",2017,46,0.475,46
"1645",1960,47,1.17,47
"1646",1961,47,1.78,47
"1647",1962,47,3.215,47
"1648",1963,47,4.84,47
"1649",1964,47,4.05,47
"1650",1965,47,2.035,47
"1651",1966,47,3.13,47
"1652",1967,47,3.13,47
"1653",1968,47,2.445,47
"1654",1969,47,3.56,47
"1655",1970,47,3.44,47
"1656",1971,47,4.015,47
"1657",1972,47,3.52,47
"1658",1973,47,2.705,47
"1659",1974,47,2.975,47
"1660",1975,47,2.175,47
"1661",1976,47,2.3,47
"1662",1977,47,1.86,47
"1663",1978,47,2.915,47
"1664",1979,47,2.24,47
"1665",1980,47,1.35,47
"1666",1981,47,0.675,47
"1667",1982,47,1.225,47
"1668",1983,47,0.995,47
"1669",1984,47,1.85,47
"1670",1985,47,2.485,47
"1671",1986,47,0.885,47
"1672",1987,47,0.45,47
"1673",1988,47,0.47,47
"1674",1989,47,0.715,47
"1675",1990,47,1.385,47
"1676",1991,47,0.77,47
"1677",1992,47,0.59,47
"1678",1993,47,0.88,47
"1679",1994,47,0.24,47
"1680",1995,47,0.155,47
"1681",1996,47,0.25,47
"1682",1997,47,1.58,47
"1683",1998,47,1.88,47
"1684",1999,47,0.135,47
"1685",2000,47,0.335,47
"1686",2001,47,0.28,47
"1687",2002,47,0.335,47
"1688",2003,47,0.47,47
"1689",2004,47,0.155,47
"1690",2005,47,0.06,47
"1691",2006,47,0.16,47
"1692",2007,47,0.1,47
"1693",2008,47,0.06,47
"1694",2009,47,0.375,47
"1695",2010,47,0.74,47
"1696",2011,47,0.825,47
"1697",2012,47,0.085,47
"1698",2013,47,0.15,47
"1699",2014,47,0.14,47
"1700",2015,47,0.24,47
"1701",2016,47,0.06,47
"1702",2017,47,0.24,47
"1703",1961,48,0.655,48
"1704",1962,48,1.1,48
"1705",1963,48,1.735,48
"1706",1964,48,1.645,48
"1707",1965,48,1.135,48
"1708",1966,48,1.995,48
"1709",1967,48,2.37,48
"1710",1968,48,2.255,48
"1711",1969,48,3.245,48
"1712",1970,48,2.84,48
"1713",1971,48,3.415,48
"1714",1972,48,3.035,48
"1715",1973,48,2.16,48
"1716",1974,48,2.37,48
"1717",1975,48,2.015,48
"1718",1976,48,1.13,48
"1719",1977,48,0.82,48
"1720",1978,48,1.385,48
"1721",1979,48,1.695,48
"1722",1980,48,0.945,48
"1723",1981,48,0.25,48
"1724",1982,48,0.29,48
"1725",1983,48,0.13,48
"1726",1984,48,0.175,48
"1727",1985,48,0.195,48
"1728",1986,48,0.185,48
"1729",1987,48,0.07,48
"1730",1988,48,0.125,48
"1731",1989,48,0.285,48
"1732",1990,48,0.545,48
"1733",1991,48,0.495,48
"1734",1992,48,0.465,48
"1735",1993,48,0.445,48
"1736",1994,48,0.11,48
"1737",1995,48,0.2,48
"1738",1996,48,0.32,48
"1739",1997,48,0.355,48
"1740",1998,48,0.705,48
"1741",1999,48,0.105,48
"1742",2000,48,0.515,48
"1743",2001,48,0.735,48
"1744",2002,48,0.465,48
"1745",2003,48,0.305,48
"1746",2004,48,0.135,48
"1747",2005,48,0.055,48
"1748",2006,48,0.135,48
"1749",2007,48,0.09,48
"1750",2008,48,0.03,48
"1751",2009,48,0.07,48
"1752",2010,48,0.27,48
"1753",1960,49,2.14,49
"1754",1961,49,2.07,49
"1755",1962,49,3.665,49
"1756",1963,49,4.975,49
"1757",1964,49,7.635,49
"1758",1965,49,5.915,49
"1759",1966,49,7.955,49
"1760",1967,49,6.83,49
"1761",1968,49,3.535,49
"1762",1969,49,4.87,49
"1763",1970,49,4.45,49
"1764",1971,49,4.015,49
"1765",1972,49,3.02,49
"1766",1973,49,3.515,49
"1767",1974,49,3.29,49
"1768",1975,49,3.285,49
"1769",1976,49,3.06,49
"1770",1977,49,3.625,49
"1771",1978,49,4.61,49
"1772",1979,49,4.125,49
"1773",1980,49,2.865,49
"1774",1981,49,1.585,49
"1775",1982,49,0.44,49
"1776",1983,49,0.17,49
"1777",1984,49,0.505,49
"1778",1985,49,0.655,49
"1779",1986,49,0.535,49
"1780",1987,49,0.31,49
"1781",1988,49,0.635,49
"1782",1989,49,0.945,49
"1783",1990,49,2.21,49
"1784",1991,49,2.75,49
"1785",1992,49,1.175,49
"1786",1993,49,1.245,49
"1787",1994,49,0.63,49
"1788",1995,49,0.335,49
"1789",1996,49,0.725,49
"1790",1997,49,1.43,49
"1791",1998,49,0.995,49
"1792",1999,49,0.03,49
"1793",2000,49,0.34,49
"1794",2001,49,0.46,49
"1795",2002,49,0.42,49
"1796",2003,49,0.64,49
"1797",2004,49,0.335,49
"1798",2005,49,0.065,49
"1799",2006,49,0.27,49
"1800",2007,49,0.285,49
"1801",2008,49,0.135,49
"1802",2009,49,0.55,49
"1803",2010,49,1.11,49
"1804",2011,49,1.24,49
"1805",2012,49,0.115,49
"1806",2013,49,0.135,49
"1807",2014,49,0.07,49
"1808",2015,49,0.185,49
"1809",2016,49,0.05,49
"1810",2017,49,0.4,49
"1811",1961,50,1.225,50
"1812",1962,50,1.125,50
"1813",1963,50,2.095,50
"1814",1964,50,3.145,50
"1815",1965,50,3.14,50
"1816",1966,50,4.93,50
"1817",1967,50,4.975,50
"1818",1968,50,3.45,50
"1819",1969,50,3.23,50
"1820",1970,50,3.26,50
"1821",1971,50,2.915,50
"1822",1972,50,2.535,50
"1823",1973,50,2.31,50
"1824",1974,50,2.735,50
"1825",1975,50,2.58,50
"1826",1976,50,2.885,50
"1827",1977,50,2.985,50
"1828",1978,50,3.19,50
"1829",1979,50,2.81,50
"1830",1980,50,2.085,50
"1831",1981,50,1.04,50
"1832",1982,50,1.51,50
"1833",1983,50,1.13,50
"1834",1984,50,2.305,50
"1835",1985,50,1.765,50
"1836",1986,50,1,50
"1837",1987,50,0.46,50
"1838",1988,50,0.85,50
"1839",1989,50,1.33,50
"1840",1990,50,2.36,50
"1841",1991,50,1.23,50
"1842",1992,50,0.86,50
"1843",1993,50,0.9,50
"1844",1994,50,0.23,50
"1845",1995,50,0.675,50
"1846",1996,50,2.16,50
"1847",1997,50,2.49,50
"1848",1998,50,1.525,50
"1849",1999,50,0.26,50
"1850",2000,50,0.72,50
"1851",2001,50,1.02,50
"1852",2002,50,0.935,50
"1853",2003,50,1.06,50
"1854",2004,50,0.775,50
"1855",2005,50,0.1,50
"1856",2006,50,0.4,50
"1857",2007,50,0.39,50
"1858",2008,50,0.115,50
"1859",2009,50,1.005,50
"1860",2010,50,1.47,50
"1861",2011,50,1.77,50
"1862",2012,50,0.25,50
"1863",2013,50,0.795,50
"1864",2014,50,0.325,50
"1865",2015,50,0.635,50
"1866",2016,50,0.3,50
"1867",2017,50,0.88,50
"1868",1962,51,1.25,51
"1869",1963,51,1.445,51
"1870",1964,51,2.345,51
"1871",1965,51,1.405,51
"1872",1966,51,2.355,51
"1873",1967,51,2.455,51
"1874",1968,51,2.67,51
"1875",1969,51,3.575,51
"1876",1970,51,3.55,51
"1877",1971,51,3.95,51
"1878",1972,51,2.405,51
"1879",1973,51,2.65,51
"1880",1974,51,2.655,51
"1881",1975,51,2.225,51
"1882",1976,51,1.795,51
"1883",1977,51,1.67,51
"1884",1978,51,3.215,51
"1885",1979,51,2.495,51
"1886",1980,51,1.95,51
"1887",1981,51,0.99,51
"1888",1982,51,1.095,51
"1889",1983,51,0.765,51
"1890",1984,51,1.035,51
"1891",1985,51,0.52,51
"1892",1986,51,0.13,51
"1893",1987,51,0.03,51
"1894",1988,51,0.225,51
"1895",1989,51,0.325,51
"1896",1990,51,0.625,51
"1897",1991,51,0.33,51
"1898",1992,51,0.27,51
"1899",1993,51,0.23,51
"1900",1994,51,0.185,51
"1901",1995,51,0.03,51
"1902",1996,51,0.18,51
"1903",1997,51,0.195,51
"1904",1998,51,0.2,51
"1905",1999,51,0.065,51
"1906",2000,51,0.145,51
"1907",2001,51,0.22,51
"1908",2002,51,0.205,51
"1909",2003,51,0.32,51
"1910",2004,51,0.075,51
"1911",2005,51,0.03,51
"1912",2006,51,0.175,51
"1913",2007,51,0.125,51
"1914",2008,51,0.07,51
"1915",2009,51,0.315,51
"1916",2010,51,0.31,51
"1917",2011,51,0.46,51
"1918",2012,51,0.09,51
"1919",2013,51,0.14,51
"1920",2014,51,0.04,51
"1921",2015,51,0.11,51
"1922",2016,51,0.03,51
"1923",2017,51,0.35,51
"1924",1959,52,1.49,52
"1925",1960,52,1.38,52
"1926",1961,52,1.18,52
"1927",1962,52,0.96,52
"1928",1963,52,5.27,52
"1929",1964,52,4.865,52
"1930",1965,52,2.77,52
"1931",1966,52,3.665,52
"1932",1967,52,3.995,52
"1933",1968,52,3.445,52
"1934",1969,52,3.945,52
"1935",1970,52,4.995,52
"1936",1971,52,4.165,52
"1937",1972,52,4.17,52
"1938",1973,52,3.445,52
"1939",1974,52,2.97,52
"1940",1975,52,3.05,52
"1941",1976,52,2.035,52
"1942",1977,52,2.605,52
"1943",1978,52,3.99,52
"1944",1979,52,3.44,52
"1945",1980,52,2.7,52
"1946",1981,52,1.25,52
"1947",1982,52,1.18,52
"1948",1983,52,0.88,52
"1949",1984,52,1.195,52
"1950",1985,52,1.81,52
"1951",1986,52,1.105,52
"1952",1987,52,0.45,52
"1953",1988,52,0.79,52
"1954",1989,52,1.23,52
"1955",1990,52,2.885,52
"1956",1991,52,1.445,52
"1957",1992,52,1.12,52
"1958",1993,52,1.025,52
"1959",1994,52,0.22,52
"1960",1995,52,0.27,52
"1961",1996,52,1.035,52
"1962",1997,52,2.27,52
"1963",1998,52,0.905,52
"1964",1999,52,0.27,52
"1965",2000,52,0.765,52
"1966",2001,52,0.68,52
"1967",2002,52,0.54,52
"1968",2003,52,0.635,52
"1969",2004,52,0.64,52
"1970",2005,52,0.17,52
"1971",2006,52,0.29,52
"1972",2007,52,0.205,52
"1973",2008,52,0.105,52
"1974",2009,52,0.835,52
"1975",2010,52,1.935,52
"1976",2011,52,1.99,52
"1977",2012,52,0.14,52
"1978",2013,52,0.505,52
"1979",2014,52,0.25,52
"1980",2015,52,0.27,52
"1981",2016,52,0.11,52
"1982",2017,52,0.44,52
"1983",1962,53,1.265,53
"1984",1963,53,1.865,53
"1985",1964,53,2.685,53
"1986",1965,53,2.205,53
"1987",1966,53,2.785,53
"1988",1967,53,3.07,53
"1989",1968,53,2.66,53
"1990",1969,53,3.205,53
"1991",1970,53,2.75,53
"1992",1971,53,3.085,53
"1993",1972,53,2.92,53
"1994",1973,53,2.195,53
"1995",1974,53,3.23,53
"1996",1975,53,2.21,53
"1997",1976,53,2.37,53
"1998",1977,53,2.12,53
"1999",1978,53,2.745,53
"2000",1979,53,2.155,53
"2001",1980,53,1.595,53
"2002",1981,53,0.655,53
"2003",1982,53,0.955,53
"2004",1983,53,0.755,53
"2005",1984,53,1.535,53
"2006",1985,53,1.23,53
"2007",1986,53,0.595,53
"2008",1987,53,0.245,53
"2009",1988,53,0.57,53
"2010",1989,53,0.645,53
"2011",1990,53,1,53
"2012",1991,53,0.6,53
"2013",1992,53,0.44,53
"2014",1993,53,0.54,53
"2015",1994,53,0.08,53
"2016",1995,53,0.17,53
"2017",1996,53,0.8,53
"2018",1997,53,0.555,53
"2019",1998,53,0.745,53
"2020",1999,53,0.17,53
"2021",2000,53,0.64,53
"2022",2001,53,0.645,53
"2023",2002,53,0.6,53
"2024",2003,53,0.745,53
"2025",2004,53,0.41,53
"2026",2005,53,0.03,53
"2027",2006,53,0.235,53
"2028",2007,53,0.175,53
"2029",2008,53,0.03,53
"2030",2009,53,0.38,53
"2031",2010,53,0.835,53
"2032",2011,53,0.955,53
"2033",2012,53,0.155,53
"2034",2013,53,0.205,53
"2035",1961,55,1.275,55
"2036",1962,55,1.795,55
"2037",1963,55,5.16,55
"2038",1964,55,4.25,55
"2039",1965,55,2.305,55
"2040",1966,55,2.425,55
"2041",1967,55,1.935,55
"2042",1968,55,1.855,55
"2043",1969,55,3.165,55
"2044",1970,55,2.815,55
"2045",1971,55,3.65,55
"2046",1972,55,3.245,55
"2047",1973,55,2.58,55
"2048",1974,55,2.515,55
"2049",1975,55,2.585,55
"2050",1976,55,2.485,55
"2051",1977,55,2.875,55
"2052",1978,55,3.24,55
"2053",1979,55,2.83,55
"2054",1980,55,2.305,55
"2055",1981,55,1.065,55
"2056",1982,55,1.215,55
"2057",1983,55,1.075,55
"2058",1984,55,2.045,55
"2059",1985,55,2.01,55
"2060",1986,55,1.065,55
"2061",1987,55,0.645,55
"2062",1988,55,0.8,55
"2063",1989,55,0.89,55
"2064",1990,55,1.785,55
"2065",1991,55,1.175,55
"2066",1992,55,0.65,55
"2067",1993,55,0.58,55
"2068",1994,55,0.11,55
"2069",1995,55,0.14,55
"2070",1996,55,0.505,55
"2071",1997,55,0.995,55
"2072",1998,55,0.68,55
"2073",1999,55,0.095,55
"2074",2000,55,0.21,55
"2075",2001,55,0.295,55
"2076",2002,55,0.14,55
"2077",2003,55,0.18,55
"2078",2004,55,0.065,55
"2079",2005,55,0.02,55
"2080",2006,55,0.05,55
"2081",2007,55,0.185,55
"2082",2008,55,0.03,55
"2083",2009,55,0.37,55
"2084",2010,55,0.54,55
"2085",2011,55,0.31,55
"2086",2012,55,0.175,55
"2087",2013,55,0.19,55
"2088",2014,55,0.07,55
"2089",2015,55,0.18,55
"2090",1959,56,1.37,56
"2091",1960,56,1.51,56
"2092",1961,56,1.925,56
"2093",1962,56,2.275,56
"2094",1963,56,3.31,56
"2095",1964,56,2.935,56
"2096",1965,56,1.91,56
"2097",1966,56,2.86,56
"2098",1967,56,2.515,56
"2099",1968,56,2.015,56
"2100",1969,56,1.69,56
"2101",1970,56,1.85,56
"2102",1971,56,2.69,56
"2103",1972,56,1.97,56
"2104",1973,56,2.25,56
"2105",1974,56,2.125,56
"2106",1975,56,1.715,56
"2107",1976,56,2.11,56
"2108",1977,56,2.635,56
"2109",1978,56,3.425,56
"2110",1979,56,3.02,56
"2111",1980,56,1.675,56
"2112",1981,56,0.75,56
"2113",1982,56,0.915,56
"2114",1983,56,0.435,56
"2115",1984,56,0.975,56
"2116",1985,56,1.03,56
"2117",1986,56,0.77,56
"2118",1987,56,0.04,56
"2119",1988,56,0.23,56
"2120",1989,56,0.315,56
"2121",1990,56,0.495,56
"2122",1991,56,0.235,56
"2123",1992,56,0.17,56
"2124",1993,56,0.13,56
"2125",1994,56,0.065,56
"2126",1995,56,0.15,56
"2127",1996,56,0.54,56
"2128",1997,56,0.545,56
"2129",1998,56,0.35,56
"2130",1999,56,0.045,56
"2131",2000,56,0.255,56
"2132",2001,56,0.38,56
"2133",2002,56,0.21,56
"2134",2003,56,0.265,56
"2135",2004,56,0.31,56
"2136",2005,56,0.07,56
"2137",2006,56,0.18,56
"2138",2007,56,0.27,56
"2139",2008,56,0.045,56
"2140",2009,56,0.425,56
"2141",2010,56,0.44,56
"2142",2011,56,0.17,56
"2143",2012,56,0.045,56
"2144",2013,56,0.235,56
"2145",2014,56,0.075,56
"2146",2015,56,0.175,56
"2147",2016,56,0.06,56
"2148",2017,56,0.13,56
"2149",1960,57,0.94,57
"2150",1961,57,0.715,57
"2151",1962,57,1.415,57
"2152",1963,57,2.6,57
"2153",1964,57,2.395,57
"2154",1965,57,2.205,57
"2155",1966,57,2.835,57
"2156",1967,57,3.04,57
"2157",1968,57,3.38,57
"2158",1969,57,4.425,57
"2159",1970,57,3.44,57
"2160",1971,57,3.365,57
"2161",1972,57,3.425,57
"2162",1973,57,2.785,57
"2163",1974,57,2.69,57
"2164",1975,57,2.595,57
"2165",1976,57,2.525,57
"2166",1977,57,2.465,57
"2167",1978,57,2.905,57
"2168",1979,57,2.545,57
"2169",1980,57,2.52,57
"2170",1981,57,1.175,57
"2171",1982,57,1.545,57
"2172",1983,57,1.235,57
"2173",1984,57,1.97,57
"2174",1985,57,1.71,57
"2175",1986,57,0.885,57
"2176",1987,57,0.325,57
"2177",1988,57,0.74,57
"2178",1989,57,1.2,57
"2179",1990,57,2.005,57
"2180",1991,57,1.245,57
"2181",1992,57,0.87,57
"2182",1993,57,0.86,57
"2183",1994,57,0.175,57
"2184",1995,57,0.265,57
"2185",1996,57,0.85,57
"2186",1997,57,1.255,57
"2187",1998,57,0.765,57
"2188",1999,57,0.135,57
"2189",2000,57,0.44,57
"2190",2001,57,0.365,57
"2191",2002,57,0.49,57
"2192",2003,57,0.635,57
"2193",2004,57,0.55,57
"2194",2005,57,0.12,57
"2195",2006,57,0.25,57
"2196",2007,57,0.185,57
"2197",2008,57,0.15,57
"2198",2009,57,0.45,57
"2199",2010,57,0.64,57
"2200",2011,57,1.05,57
"2201",2012,57,0.105,57
"2202",2013,57,0.27,57
"2203",2014,57,0.07,57
"2204",2015,57,0.22,57
"2205",2016,57,0.1,57
"2206",2017,57,0.33,57
