system:index,LAI,Npp,Npp_QC,Specie,date,elev,lat,long,pies,radius_m,site_code,site_name,.geo
2000_02_18_00000000000000000001,1.84,6964,22,Pinus_nigra,2018-05-10T00:00:00Z,1646,37.14336,-3.14902,39,9.0,PINIG_LANTEIRA_M,LANTEIRA_M,"{""type"":""Point"",""coordinates"":[-3.14901716394348,37.14335752757873]}"
2000_02_18_00000000000000000002,1.29,6595,20,Pinus_nigra,2021-10-27T00:00:00Z,1585,37.14837,-3.14652,40,13.3,PINIG_LANTEIRA_L2,LANTEIRA_L2,"{""type"":""Point"",""coordinates"":[-3.14652006735355,37.1483695571628]}"
2000_02_18_00000000000000000003,1.95,6877,22,Pinus_nigra,2020-10-06T00:00:00Z,1810,37.132,-3.147,41,8.9,PINIG_LANTEIRA_H,LANTEIRA_H,"{""type"":""Point"",""coordinates"":[-3.1470016502673217,37.1320001971956]}"
2000_02_18_0000000000000000000d,NA,6101,18,Quercus_ilex,2018-11-13T00:00:00Z,1541,37.14269,-2.88892,137,10.0,QUILE_FINANA,FIÑANA,"{""type"":""Point"",""coordinates"":[-2.888917799495981,37.1426886624207]}"
2000_02_18_0000000000000000000e,NA,6124,20,Quercus_ilex,2018-11-20T00:00:00Z,1811,37.12968,-2.89109,NA,9.0,QUILE_ABRUCENA,ABRUCENA,"{""type"":""Point"",""coordinates"":[-2.891089381709009,37.12967700554675]}"
2000_02_18_00000000000000000004,1.08,5172,18,Pinus_pinaster,2021-10-27T00:00:00Z,1433,37.15454,-3.13756,37,12.1,PIPIN_LANTEIRA_L2,LANTERIA_L2,"{""type"":""Point"",""coordinates"":[-3.137561733337176,37.15454095302077]}"
2000_02_18_00000000000000000005,1.48,5799,16,Pinus_pinaster,2021-10-26T00:00:00Z,1353,37.18253,-3.17767,41,11.6,PIPIN_JEREZ_L,JEREZ_L,"{""type"":""Point"",""coordinates"":[-3.177671347312922,37.18253073033325]}"
2000_02_18_00000000000000000006,1.73,7191,20,Pinus_pinaster,2018-05-09T00:00:00Z,1605,37.16089,-3.19681,33,11.0,PIPIN_JEREZ_M,JEREZ_M,"{""type"":""Point"",""coordinates"":[-3.196805349933258,37.160890712920875]}"
2000_02_18_00000000000000000007,1.94,7162,28,Pinus_pinaster,2020-10-06T00:00:00Z,1770,37.135,-3.198,40,9.0,PIPIN_JEREZ_H,JEREZ_H,"{""type"":""Point"",""coordinates"":[-3.1980003890155833,37.13500117220457]}"
2000_02_18_00000000000000000000,1.59,6160,16,Pinus_halepensis,2018-12-28T00:00:00Z,1212,37.08871,-2.68649,41,10.0,PIHAL_NACIMIENTO_M,NAC_HALEPENSIS,"{""type"":""Point"",""coordinates"":[-2.686487988972699,37.088711244168756]}"
2000_02_18_00000000000000000010,1.33,2406,22,Pinus_halepensis,2022-06-13T00:00:00Z,974,37.1101,-2.69854,41,8.7,PIHAL_NACIMIENTO_L,NAC_HALEPENSIS_2,"{""type"":""Point"",""coordinates"":[-2.6985409391201634,37.11010155192212]}"
2000_02_18_00000000000000000011,1.36,4488,20,Pinus_halepensis,2022-06-15T00:00:00Z,1359,37.16982,-3.05232,40,11.3,PIHAL_RAGUA_H,RAG PIHA 3,"{""type"":""Point"",""coordinates"":[-3.052321557599505,37.16981783322988]}"
2000_02_18_00000000000000000008,3.11,8298,22,Pinus_sylvestris,2018-11-28T00:00:00Z,1633,36.95607,-3.30093,37,13.0,PISYL_PORTUGOS_L,PORTUGOS_L,"{""type"":""Point"",""coordinates"":[-3.3009298186322735,36.9560663651319]}"
2000_02_18_00000000000000000009,3.36,7751,20,Pinus_sylvestris,2018-12-11T00:00:00Z,1748,36.96002,-3.30361,47,9.0,PISYL_PORTUGOS_M,PORTUGOS_M,"{""type"":""Point"",""coordinates"":[-3.3036097383653944,36.96001712866525]}"
2000_02_18_0000000000000000000a,3.63,6166,26,Pinus_sylvestris,2018-11-28T00:00:00Z,2000,36.96598,-3.31321,35,9.0,PISYL_PORTUGOS_H,PORTUGOS_H,"{""type"":""Point"",""coordinates"":[-3.313214642034517,36.9659789467737]}"
2000_02_18_0000000000000000000b,1.59,5588,28,Quercus_pyrenaica,2018-10-24T00:00:00Z,1729,36.95328,-3.42906,59,10.0,QUPYR_CANAR_L,CAN_L,"{""type"":""Point"",""coordinates"":[-3.429062087403041,36.95327942697349]}"
2000_02_18_0000000000000000000c,NA,4449,28,Quercus_pyrenaica,2018-11-30T00:00:00Z,1897,36.96031,-3.43163,59,9.0,QUPYR_CANAR_H,CAN_H,"{""type"":""Point"",""coordinates"":[-3.431626070508772,36.960306970233724]}"
2000_02_18_0000000000000000000f,1.07,8002,22,Quercus_pyrenaica/Quercus_ilex,2018-12-11T00:00:00Z,1669,36.95476,-3.31515,38,9.0,QUER_PORTUGOS,PORTUGOS,"{""type"":""Point"",""coordinates"":[-3.315154350992766,36.95475538942218]}"
2001_01_01_00000000000000000001,1.84,7420,5,Pinus_nigra,2018-05-10T00:00:00Z,1646,37.14336,-3.14902,39,9.0,PINIG_LANTEIRA_M,LANTEIRA_M,"{""type"":""Point"",""coordinates"":[-3.14901716394348,37.14335752757873]}"
2001_01_01_00000000000000000002,1.29,7123,7,Pinus_nigra,2021-10-27T00:00:00Z,1585,37.14837,-3.14652,40,13.3,PINIG_LANTEIRA_L2,LANTEIRA_L2,"{""type"":""Point"",""coordinates"":[-3.14652006735355,37.1483695571628]}"
2001_01_01_00000000000000000003,1.95,7192,11,Pinus_nigra,2020-10-06T00:00:00Z,1810,37.132,-3.147,41,8.9,PINIG_LANTEIRA_H,LANTEIRA_H,"{""type"":""Point"",""coordinates"":[-3.1470016502673217,37.1320001971956]}"
2001_01_01_0000000000000000000d,NA,6297,7,Quercus_ilex,2018-11-13T00:00:00Z,1541,37.14269,-2.88892,137,10.0,QUILE_FINANA,FIÑANA,"{""type"":""Point"",""coordinates"":[-2.888917799495981,37.1426886624207]}"
2001_01_01_0000000000000000000e,NA,6668,15,Quercus_ilex,2018-11-20T00:00:00Z,1811,37.12968,-2.89109,NA,9.0,QUILE_ABRUCENA,ABRUCENA,"{""type"":""Point"",""coordinates"":[-2.891089381709009,37.12967700554675]}"
2001_01_01_00000000000000000004,1.08,5870,7,Pinus_pinaster,2021-10-27T00:00:00Z,1433,37.15454,-3.13756,37,12.1,PIPIN_LANTEIRA_L2,LANTERIA_L2,"{""type"":""Point"",""coordinates"":[-3.137561733337176,37.15454095302077]}"
2001_01_01_00000000000000000005,1.48,6599,11,Pinus_pinaster,2021-10-26T00:00:00Z,1353,37.18253,-3.17767,41,11.6,PIPIN_JEREZ_L,JEREZ_L,"{""type"":""Point"",""coordinates"":[-3.177671347312922,37.18253073033325]}"
2001_01_01_00000000000000000006,1.73,7718,5,Pinus_pinaster,2018-05-09T00:00:00Z,1605,37.16089,-3.19681,33,11.0,PIPIN_JEREZ_M,JEREZ_M,"{""type"":""Point"",""coordinates"":[-3.196805349933258,37.160890712920875]}"
2001_01_01_00000000000000000007,1.94,7348,18,Pinus_pinaster,2020-10-06T00:00:00Z,1770,37.135,-3.198,40,9.0,PIPIN_JEREZ_H,JEREZ_H,"{""type"":""Point"",""coordinates"":[-3.1980003890155833,37.13500117220457]}"
2001_01_01_00000000000000000000,1.59,5897,7,Pinus_halepensis,2018-12-28T00:00:00Z,1212,37.08871,-2.68649,41,10.0,PIHAL_NACIMIENTO_M,NAC_HALEPENSIS,"{""type"":""Point"",""coordinates"":[-2.686487988972699,37.088711244168756]}"
2001_01_01_00000000000000000010,1.33,2442,16,Pinus_halepensis,2022-06-13T00:00:00Z,974,37.1101,-2.69854,41,8.7,PIHAL_NACIMIENTO_L,NAC_HALEPENSIS_2,"{""type"":""Point"",""coordinates"":[-2.6985409391201634,37.11010155192212]}"
2001_01_01_00000000000000000011,1.36,4981,11,Pinus_halepensis,2022-06-15T00:00:00Z,1359,37.16982,-3.05232,40,11.3,PIHAL_RAGUA_H,RAG PIHA 3,"{""type"":""Point"",""coordinates"":[-3.052321557599505,37.16981783322988]}"
2001_01_01_00000000000000000008,3.11,8756,5,Pinus_sylvestris,2018-11-28T00:00:00Z,1633,36.95607,-3.30093,37,13.0,PISYL_PORTUGOS_L,PORTUGOS_L,"{""type"":""Point"",""coordinates"":[-3.3009298186322735,36.9560663651319]}"
2001_01_01_00000000000000000009,3.36,8206,14,Pinus_sylvestris,2018-12-11T00:00:00Z,1748,36.96002,-3.30361,47,9.0,PISYL_PORTUGOS_M,PORTUGOS_M,"{""type"":""Point"",""coordinates"":[-3.3036097383653944,36.96001712866525]}"
2001_01_01_0000000000000000000a,3.63,6650,20,Pinus_sylvestris,2018-11-28T00:00:00Z,2000,36.96598,-3.31321,35,9.0,PISYL_PORTUGOS_H,PORTUGOS_H,"{""type"":""Point"",""coordinates"":[-3.313214642034517,36.9659789467737]}"
2001_01_01_0000000000000000000b,1.59,5725,22,Quercus_pyrenaica,2018-10-24T00:00:00Z,1729,36.95328,-3.42906,59,10.0,QUPYR_CANAR_L,CAN_L,"{""type"":""Point"",""coordinates"":[-3.429062087403041,36.95327942697349]}"
2001_01_01_0000000000000000000c,NA,4572,22,Quercus_pyrenaica,2018-11-30T00:00:00Z,1897,36.96031,-3.43163,59,9.0,QUPYR_CANAR_H,CAN_H,"{""type"":""Point"",""coordinates"":[-3.431626070508772,36.960306970233724]}"
2001_01_01_0000000000000000000f,1.07,8673,16,Quercus_pyrenaica/Quercus_ilex,2018-12-11T00:00:00Z,1669,36.95476,-3.31515,38,9.0,QUER_PORTUGOS,PORTUGOS,"{""type"":""Point"",""coordinates"":[-3.315154350992766,36.95475538942218]}"
2002_01_01_00000000000000000001,1.84,7854,5,Pinus_nigra,2018-05-10T00:00:00Z,1646,37.14336,-3.14902,39,9.0,PINIG_LANTEIRA_M,LANTEIRA_M,"{""type"":""Point"",""coordinates"":[-3.14901716394348,37.14335752757873]}"
2002_01_01_00000000000000000002,1.29,7451,5,Pinus_nigra,2021-10-27T00:00:00Z,1585,37.14837,-3.14652,40,13.3,PINIG_LANTEIRA_L2,LANTEIRA_L2,"{""type"":""Point"",""coordinates"":[-3.14652006735355,37.1483695571628]}"
2002_01_01_00000000000000000003,1.95,7720,5,Pinus_nigra,2020-10-06T00:00:00Z,1810,37.132,-3.147,41,8.9,PINIG_LANTEIRA_H,LANTEIRA_H,"{""type"":""Point"",""coordinates"":[-3.1470016502673217,37.1320001971956]}"
2002_01_01_0000000000000000000d,NA,6960,5,Quercus_ilex,2018-11-13T00:00:00Z,1541,37.14269,-2.88892,137,10.0,QUILE_FINANA,FIÑANA,"{""type"":""Point"",""coordinates"":[-2.888917799495981,37.1426886624207]}"
2002_01_01_0000000000000000000e,NA,7065,7,Quercus_ilex,2018-11-20T00:00:00Z,1811,37.12968,-2.89109,NA,9.0,QUILE_ABRUCENA,ABRUCENA,"{""type"":""Point"",""coordinates"":[-2.891089381709009,37.12967700554675]}"
2002_01_01_00000000000000000004,1.08,5660,3,Pinus_pinaster,2021-10-27T00:00:00Z,1433,37.15454,-3.13756,37,12.1,PIPIN_LANTEIRA_L2,LANTERIA_L2,"{""type"":""Point"",""coordinates"":[-3.137561733337176,37.15454095302077]}"
2002_01_01_00000000000000000005,1.48,6956,3,Pinus_pinaster,2021-10-26T00:00:00Z,1353,37.18253,-3.17767,41,11.6,PIPIN_JEREZ_L,JEREZ_L,"{""type"":""Point"",""coordinates"":[-3.177671347312922,37.18253073033325]}"
2002_01_01_00000000000000000006,1.73,8261,5,Pinus_pinaster,2018-05-09T00:00:00Z,1605,37.16089,-3.19681,33,11.0,PIPIN_JEREZ_M,JEREZ_M,"{""type"":""Point"",""coordinates"":[-3.196805349933258,37.160890712920875]}"
2002_01_01_00000000000000000007,1.94,8219,5,Pinus_pinaster,2020-10-06T00:00:00Z,1770,37.135,-3.198,40,9.0,PIPIN_JEREZ_H,JEREZ_H,"{""type"":""Point"",""coordinates"":[-3.1980003890155833,37.13500117220457]}"
2002_01_01_00000000000000000000,1.59,6880,3,Pinus_halepensis,2018-12-28T00:00:00Z,1212,37.08871,-2.68649,41,10.0,PIHAL_NACIMIENTO_M,NAC_HALEPENSIS,"{""type"":""Point"",""coordinates"":[-2.686487988972699,37.088711244168756]}"
2002_01_01_00000000000000000010,1.33,3006,13,Pinus_halepensis,2022-06-13T00:00:00Z,974,37.1101,-2.69854,41,8.7,PIHAL_NACIMIENTO_L,NAC_HALEPENSIS_2,"{""type"":""Point"",""coordinates"":[-2.6985409391201634,37.11010155192212]}"
2002_01_01_00000000000000000011,1.36,5127,14,Pinus_halepensis,2022-06-15T00:00:00Z,1359,37.16982,-3.05232,40,11.3,PIHAL_RAGUA_H,RAG PIHA 3,"{""type"":""Point"",""coordinates"":[-3.052321557599505,37.16981783322988]}"
2002_01_01_00000000000000000008,3.11,9714,16,Pinus_sylvestris,2018-11-28T00:00:00Z,1633,36.95607,-3.30093,37,13.0,PISYL_PORTUGOS_L,PORTUGOS_L,"{""type"":""Point"",""coordinates"":[-3.3009298186322735,36.9560663651319]}"
2002_01_01_00000000000000000009,3.36,8543,16,Pinus_sylvestris,2018-12-11T00:00:00Z,1748,36.96002,-3.30361,47,9.0,PISYL_PORTUGOS_M,PORTUGOS_M,"{""type"":""Point"",""coordinates"":[-3.3036097383653944,36.96001712866525]}"
2002_01_01_0000000000000000000a,3.63,7188,24,Pinus_sylvestris,2018-11-28T00:00:00Z,2000,36.96598,-3.31321,35,9.0,PISYL_PORTUGOS_H,PORTUGOS_H,"{""type"":""Point"",""coordinates"":[-3.313214642034517,36.9659789467737]}"
2002_01_01_0000000000000000000b,1.59,6527,14,Quercus_pyrenaica,2018-10-24T00:00:00Z,1729,36.95328,-3.42906,59,10.0,QUPYR_CANAR_L,CAN_L,"{""type"":""Point"",""coordinates"":[-3.429062087403041,36.95327942697349]}"
2002_01_01_0000000000000000000c,NA,4943,22,Quercus_pyrenaica,2018-11-30T00:00:00Z,1897,36.96031,-3.43163,59,9.0,QUPYR_CANAR_H,CAN_H,"{""type"":""Point"",""coordinates"":[-3.431626070508772,36.960306970233724]}"
2002_01_01_0000000000000000000f,1.07,9468,18,Quercus_pyrenaica/Quercus_ilex,2018-12-11T00:00:00Z,1669,36.95476,-3.31515,38,9.0,QUER_PORTUGOS,PORTUGOS,"{""type"":""Point"",""coordinates"":[-3.315154350992766,36.95475538942218]}"
2003_01_01_00000000000000000001,1.84,6681,11,Pinus_nigra,2018-05-10T00:00:00Z,1646,37.14336,-3.14902,39,9.0,PINIG_LANTEIRA_M,LANTEIRA_M,"{""type"":""Point"",""coordinates"":[-3.14901716394348,37.14335752757873]}"
2003_01_01_00000000000000000002,1.29,6654,7,Pinus_nigra,2021-10-27T00:00:00Z,1585,37.14837,-3.14652,40,13.3,PINIG_LANTEIRA_L2,LANTEIRA_L2,"{""type"":""Point"",""coordinates"":[-3.14652006735355,37.1483695571628]}"
2003_01_01_00000000000000000003,1.95,6467,19,Pinus_nigra,2020-10-06T00:00:00Z,1810,37.132,-3.147,41,8.9,PINIG_LANTEIRA_H,LANTEIRA_H,"{""type"":""Point"",""coordinates"":[-3.1470016502673217,37.1320001971956]}"
2003_01_01_0000000000000000000d,NA,5946,3,Quercus_ilex,2018-11-13T00:00:00Z,1541,37.14269,-2.88892,137,10.0,QUILE_FINANA,FIÑANA,"{""type"":""Point"",""coordinates"":[-2.888917799495981,37.1426886624207]}"
2003_01_01_0000000000000000000e,NA,6036,11,Quercus_ilex,2018-11-20T00:00:00Z,1811,37.12968,-2.89109,NA,9.0,QUILE_ABRUCENA,ABRUCENA,"{""type"":""Point"",""coordinates"":[-2.891089381709009,37.12967700554675]}"
2003_01_01_00000000000000000004,1.08,5466,7,Pinus_pinaster,2021-10-27T00:00:00Z,1433,37.15454,-3.13756,37,12.1,PIPIN_LANTEIRA_L2,LANTERIA_L2,"{""type"":""Point"",""coordinates"":[-3.137561733337176,37.15454095302077]}"
2003_01_01_00000000000000000005,1.48,6043,0,Pinus_pinaster,2021-10-26T00:00:00Z,1353,37.18253,-3.17767,41,11.6,PIPIN_JEREZ_L,JEREZ_L,"{""type"":""Point"",""coordinates"":[-3.177671347312922,37.18253073033325]}"
2003_01_01_00000000000000000006,1.73,7043,14,Pinus_pinaster,2018-05-09T00:00:00Z,1605,37.16089,-3.19681,33,11.0,PIPIN_JEREZ_M,JEREZ_M,"{""type"":""Point"",""coordinates"":[-3.196805349933258,37.160890712920875]}"
2003_01_01_00000000000000000007,1.94,7045,19,Pinus_pinaster,2020-10-06T00:00:00Z,1770,37.135,-3.198,40,9.0,PIPIN_JEREZ_H,JEREZ_H,"{""type"":""Point"",""coordinates"":[-3.1980003890155833,37.13500117220457]}"
2003_01_01_00000000000000000000,1.59,5548,5,Pinus_halepensis,2018-12-28T00:00:00Z,1212,37.08871,-2.68649,41,10.0,PIHAL_NACIMIENTO_M,NAC_HALEPENSIS,"{""type"":""Point"",""coordinates"":[-2.686487988972699,37.088711244168756]}"
2003_01_01_00000000000000000010,1.33,2665,11,Pinus_halepensis,2022-06-13T00:00:00Z,974,37.1101,-2.69854,41,8.7,PIHAL_NACIMIENTO_L,NAC_HALEPENSIS_2,"{""type"":""Point"",""coordinates"":[-2.6985409391201634,37.11010155192212]}"
2003_01_01_00000000000000000011,1.36,5113,7,Pinus_halepensis,2022-06-15T00:00:00Z,1359,37.16982,-3.05232,40,11.3,PIHAL_RAGUA_H,RAG PIHA 3,"{""type"":""Point"",""coordinates"":[-3.052321557599505,37.16981783322988]}"
2003_01_01_00000000000000000008,3.11,8863,14,Pinus_sylvestris,2018-11-28T00:00:00Z,1633,36.95607,-3.30093,37,13.0,PISYL_PORTUGOS_L,PORTUGOS_L,"{""type"":""Point"",""coordinates"":[-3.3009298186322735,36.9560663651319]}"
2003_01_01_00000000000000000009,3.36,8239,11,Pinus_sylvestris,2018-12-11T00:00:00Z,1748,36.96002,-3.30361,47,9.0,PISYL_PORTUGOS_M,PORTUGOS_M,"{""type"":""Point"",""coordinates"":[-3.3036097383653944,36.96001712866525]}"
2003_01_01_0000000000000000000a,3.63,6592,28,Pinus_sylvestris,2018-11-28T00:00:00Z,2000,36.96598,-3.31321,35,9.0,PISYL_PORTUGOS_H,PORTUGOS_H,"{""type"":""Point"",""coordinates"":[-3.313214642034517,36.9659789467737]}"
2003_01_01_0000000000000000000b,1.59,5934,22,Quercus_pyrenaica,2018-10-24T00:00:00Z,1729,36.95328,-3.42906,59,10.0,QUPYR_CANAR_L,CAN_L,"{""type"":""Point"",""coordinates"":[-3.429062087403041,36.95327942697349]}"
2003_01_01_0000000000000000000c,NA,4410,29,Quercus_pyrenaica,2018-11-30T00:00:00Z,1897,36.96031,-3.43163,59,9.0,QUPYR_CANAR_H,CAN_H,"{""type"":""Point"",""coordinates"":[-3.431626070508772,36.960306970233724]}"
2003_01_01_0000000000000000000f,1.07,8655,14,Quercus_pyrenaica/Quercus_ilex,2018-12-11T00:00:00Z,1669,36.95476,-3.31515,38,9.0,QUER_PORTUGOS,PORTUGOS,"{""type"":""Point"",""coordinates"":[-3.315154350992766,36.95475538942218]}"
2004_01_01_00000000000000000001,1.84,8265,3,Pinus_nigra,2018-05-10T00:00:00Z,1646,37.14336,-3.14902,39,9.0,PINIG_LANTEIRA_M,LANTEIRA_M,"{""type"":""Point"",""coordinates"":[-3.14901716394348,37.14335752757873]}"
2004_01_01_00000000000000000002,1.29,7796,5,Pinus_nigra,2021-10-27T00:00:00Z,1585,37.14837,-3.14652,40,13.3,PINIG_LANTEIRA_L2,LANTEIRA_L2,"{""type"":""Point"",""coordinates"":[-3.14652006735355,37.1483695571628]}"
2004_01_01_00000000000000000003,1.95,7748,7,Pinus_nigra,2020-10-06T00:00:00Z,1810,37.132,-3.147,41,8.9,PINIG_LANTEIRA_H,LANTEIRA_H,"{""type"":""Point"",""coordinates"":[-3.1470016502673217,37.1320001971956]}"
2004_01_01_0000000000000000000d,NA,7234,3,Quercus_ilex,2018-11-13T00:00:00Z,1541,37.14269,-2.88892,137,10.0,QUILE_FINANA,FIÑANA,"{""type"":""Point"",""coordinates"":[-2.888917799495981,37.1426886624207]}"
2004_01_01_0000000000000000000e,NA,7240,5,Quercus_ilex,2018-11-20T00:00:00Z,1811,37.12968,-2.89109,NA,9.0,QUILE_ABRUCENA,ABRUCENA,"{""type"":""Point"",""coordinates"":[-2.891089381709009,37.12967700554675]}"
2004_01_01_00000000000000000004,1.08,6516,7,Pinus_pinaster,2021-10-27T00:00:00Z,1433,37.15454,-3.13756,37,12.1,PIPIN_LANTEIRA_L2,LANTERIA_L2,"{""type"":""Point"",""coordinates"":[-3.137561733337176,37.15454095302077]}"
2004_01_01_00000000000000000005,1.48,7521,3,Pinus_pinaster,2021-10-26T00:00:00Z,1353,37.18253,-3.17767,41,11.6,PIPIN_JEREZ_L,JEREZ_L,"{""type"":""Point"",""coordinates"":[-3.177671347312922,37.18253073033325]}"
2004_01_01_00000000000000000006,1.73,8729,5,Pinus_pinaster,2018-05-09T00:00:00Z,1605,37.16089,-3.19681,33,11.0,PIPIN_JEREZ_M,JEREZ_M,"{""type"":""Point"",""coordinates"":[-3.196805349933258,37.160890712920875]}"
2004_01_01_00000000000000000007,1.94,8134,9,Pinus_pinaster,2020-10-06T00:00:00Z,1770,37.135,-3.198,40,9.0,PIPIN_JEREZ_H,JEREZ_H,"{""type"":""Point"",""coordinates"":[-3.1980003890155833,37.13500117220457]}"
2004_01_01_00000000000000000000,1.59,7047,3,Pinus_halepensis,2018-12-28T00:00:00Z,1212,37.08871,-2.68649,41,10.0,PIHAL_NACIMIENTO_M,NAC_HALEPENSIS,"{""type"":""Point"",""coordinates"":[-2.686487988972699,37.088711244168756]}"
2004_01_01_00000000000000000010,1.33,3901,9,Pinus_halepensis,2022-06-13T00:00:00Z,974,37.1101,-2.69854,41,8.7,PIHAL_NACIMIENTO_L,NAC_HALEPENSIS_2,"{""type"":""Point"",""coordinates"":[-2.6985409391201634,37.11010155192212]}"
2004_01_01_00000000000000000011,1.36,5660,0,Pinus_halepensis,2022-06-15T00:00:00Z,1359,37.16982,-3.05232,40,11.3,PIHAL_RAGUA_H,RAG PIHA 3,"{""type"":""Point"",""coordinates"":[-3.052321557599505,37.16981783322988]}"
2004_01_01_00000000000000000008,3.11,9970,18,Pinus_sylvestris,2018-11-28T00:00:00Z,1633,36.95607,-3.30093,37,13.0,PISYL_PORTUGOS_L,PORTUGOS_L,"{""type"":""Point"",""coordinates"":[-3.3009298186322735,36.9560663651319]}"
2004_01_01_00000000000000000009,3.36,8821,17,Pinus_sylvestris,2018-12-11T00:00:00Z,1748,36.96002,-3.30361,47,9.0,PISYL_PORTUGOS_M,PORTUGOS_M,"{""type"":""Point"",""coordinates"":[-3.3036097383653944,36.96001712866525]}"
2004_01_01_0000000000000000000a,3.63,7506,28,Pinus_sylvestris,2018-11-28T00:00:00Z,2000,36.96598,-3.31321,35,9.0,PISYL_PORTUGOS_H,PORTUGOS_H,"{""type"":""Point"",""coordinates"":[-3.313214642034517,36.9659789467737]}"
2004_01_01_0000000000000000000b,1.59,6254,15,Quercus_pyrenaica,2018-10-24T00:00:00Z,1729,36.95328,-3.42906,59,10.0,QUPYR_CANAR_L,CAN_L,"{""type"":""Point"",""coordinates"":[-3.429062087403041,36.95327942697349]}"
2004_01_01_0000000000000000000c,NA,4642,31,Quercus_pyrenaica,2018-11-30T00:00:00Z,1897,36.96031,-3.43163,59,9.0,QUPYR_CANAR_H,CAN_H,"{""type"":""Point"",""coordinates"":[-3.431626070508772,36.960306970233724]}"
2004_01_01_0000000000000000000f,1.07,9420,16,Quercus_pyrenaica/Quercus_ilex,2018-12-11T00:00:00Z,1669,36.95476,-3.31515,38,9.0,QUER_PORTUGOS,PORTUGOS,"{""type"":""Point"",""coordinates"":[-3.315154350992766,36.95475538942218]}"
2005_01_01_00000000000000000001,1.84,6312,3,Pinus_nigra,2018-05-10T00:00:00Z,1646,37.14336,-3.14902,39,9.0,PINIG_LANTEIRA_M,LANTEIRA_M,"{""type"":""Point"",""coordinates"":[-3.14901716394348,37.14335752757873]}"
2005_01_01_00000000000000000002,1.29,5933,3,Pinus_nigra,2021-10-27T00:00:00Z,1585,37.14837,-3.14652,40,13.3,PINIG_LANTEIRA_L2,LANTEIRA_L2,"{""type"":""Point"",""coordinates"":[-3.14652006735355,37.1483695571628]}"
2005_01_01_00000000000000000003,1.95,6015,9,Pinus_nigra,2020-10-06T00:00:00Z,1810,37.132,-3.147,41,8.9,PINIG_LANTEIRA_H,LANTEIRA_H,"{""type"":""Point"",""coordinates"":[-3.1470016502673217,37.1320001971956]}"
2005_01_01_0000000000000000000d,NA,5788,5,Quercus_ilex,2018-11-13T00:00:00Z,1541,37.14269,-2.88892,137,10.0,QUILE_FINANA,FIÑANA,"{""type"":""Point"",""coordinates"":[-2.888917799495981,37.1426886624207]}"
2005_01_01_0000000000000000000e,NA,5793,7,Quercus_ilex,2018-11-20T00:00:00Z,1811,37.12968,-2.89109,NA,9.0,QUILE_ABRUCENA,ABRUCENA,"{""type"":""Point"",""coordinates"":[-2.891089381709009,37.12967700554675]}"
2005_01_01_00000000000000000004,1.08,5292,8,Pinus_pinaster,2021-10-27T00:00:00Z,1433,37.15454,-3.13756,37,12.1,PIPIN_LANTEIRA_L2,LANTERIA_L2,"{""type"":""Point"",""coordinates"":[-3.137561733337176,37.15454095302077]}"
2005_01_01_00000000000000000005,1.48,5584,8,Pinus_pinaster,2021-10-26T00:00:00Z,1353,37.18253,-3.17767,41,11.6,PIPIN_JEREZ_L,JEREZ_L,"{""type"":""Point"",""coordinates"":[-3.177671347312922,37.18253073033325]}"
2005_01_01_00000000000000000006,1.73,6499,9,Pinus_pinaster,2018-05-09T00:00:00Z,1605,37.16089,-3.19681,33,11.0,PIPIN_JEREZ_M,JEREZ_M,"{""type"":""Point"",""coordinates"":[-3.196805349933258,37.160890712920875]}"
2005_01_01_00000000000000000007,1.94,6485,7,Pinus_pinaster,2020-10-06T00:00:00Z,1770,37.135,-3.198,40,9.0,PIPIN_JEREZ_H,JEREZ_H,"{""type"":""Point"",""coordinates"":[-3.1980003890155833,37.13500117220457]}"
2005_01_01_00000000000000000000,1.59,6396,7,Pinus_halepensis,2018-12-28T00:00:00Z,1212,37.08871,-2.68649,41,10.0,PIHAL_NACIMIENTO_M,NAC_HALEPENSIS,"{""type"":""Point"",""coordinates"":[-2.686487988972699,37.088711244168756]}"
2005_01_01_00000000000000000010,1.33,2977,13,Pinus_halepensis,2022-06-13T00:00:00Z,974,37.1101,-2.69854,41,8.7,PIHAL_NACIMIENTO_L,NAC_HALEPENSIS_2,"{""type"":""Point"",""coordinates"":[-2.6985409391201634,37.11010155192212]}"
2005_01_01_00000000000000000011,1.36,4845,11,Pinus_halepensis,2022-06-15T00:00:00Z,1359,37.16982,-3.05232,40,11.3,PIHAL_RAGUA_H,RAG PIHA 3,"{""type"":""Point"",""coordinates"":[-3.052321557599505,37.16981783322988]}"
2005_01_01_00000000000000000008,3.11,8428,16,Pinus_sylvestris,2018-11-28T00:00:00Z,1633,36.95607,-3.30093,37,13.0,PISYL_PORTUGOS_L,PORTUGOS_L,"{""type"":""Point"",""coordinates"":[-3.3009298186322735,36.9560663651319]}"
2005_01_01_00000000000000000009,3.36,7894,18,Pinus_sylvestris,2018-12-11T00:00:00Z,1748,36.96002,-3.30361,47,9.0,PISYL_PORTUGOS_M,PORTUGOS_M,"{""type"":""Point"",""coordinates"":[-3.3036097383653944,36.96001712866525]}"
2005_01_01_0000000000000000000a,3.63,6448,18,Pinus_sylvestris,2018-11-28T00:00:00Z,2000,36.96598,-3.31321,35,9.0,PISYL_PORTUGOS_H,PORTUGOS_H,"{""type"":""Point"",""coordinates"":[-3.313214642034517,36.9659789467737]}"
2005_01_01_0000000000000000000b,1.59,5485,11,Quercus_pyrenaica,2018-10-24T00:00:00Z,1729,36.95328,-3.42906,59,10.0,QUPYR_CANAR_L,CAN_L,"{""type"":""Point"",""coordinates"":[-3.429062087403041,36.95327942697349]}"
2005_01_01_0000000000000000000c,NA,4170,15,Quercus_pyrenaica,2018-11-30T00:00:00Z,1897,36.96031,-3.43163,59,9.0,QUPYR_CANAR_H,CAN_H,"{""type"":""Point"",""coordinates"":[-3.431626070508772,36.960306970233724]}"
2005_01_01_0000000000000000000f,1.07,8251,16,Quercus_pyrenaica/Quercus_ilex,2018-12-11T00:00:00Z,1669,36.95476,-3.31515,38,9.0,QUER_PORTUGOS,PORTUGOS,"{""type"":""Point"",""coordinates"":[-3.315154350992766,36.95475538942218]}"
2006_01_01_00000000000000000001,1.84,6977,11,Pinus_nigra,2018-05-10T00:00:00Z,1646,37.14336,-3.14902,39,9.0,PINIG_LANTEIRA_M,LANTEIRA_M,"{""type"":""Point"",""coordinates"":[-3.14901716394348,37.14335752757873]}"
2006_01_01_00000000000000000002,1.29,6635,8,Pinus_nigra,2021-10-27T00:00:00Z,1585,37.14837,-3.14652,40,13.3,PINIG_LANTEIRA_L2,LANTEIRA_L2,"{""type"":""Point"",""coordinates"":[-3.14652006735355,37.1483695571628]}"
2006_01_01_00000000000000000003,1.95,6652,11,Pinus_nigra,2020-10-06T00:00:00Z,1810,37.132,-3.147,41,8.9,PINIG_LANTEIRA_H,LANTEIRA_H,"{""type"":""Point"",""coordinates"":[-3.1470016502673217,37.1320001971956]}"
2006_01_01_0000000000000000000d,NA,5870,9,Quercus_ilex,2018-11-13T00:00:00Z,1541,37.14269,-2.88892,137,10.0,QUILE_FINANA,FIÑANA,"{""type"":""Point"",""coordinates"":[-2.888917799495981,37.1426886624207]}"
2006_01_01_0000000000000000000e,NA,5998,11,Quercus_ilex,2018-11-20T00:00:00Z,1811,37.12968,-2.89109,NA,9.0,QUILE_ABRUCENA,ABRUCENA,"{""type"":""Point"",""coordinates"":[-2.891089381709009,37.12967700554675]}"
2006_01_01_00000000000000000004,1.08,5534,7,Pinus_pinaster,2021-10-27T00:00:00Z,1433,37.15454,-3.13756,37,12.1,PIPIN_LANTEIRA_L2,LANTERIA_L2,"{""type"":""Point"",""coordinates"":[-3.137561733337176,37.15454095302077]}"
2006_01_01_00000000000000000005,1.48,5890,5,Pinus_pinaster,2021-10-26T00:00:00Z,1353,37.18253,-3.17767,41,11.6,PIPIN_JEREZ_L,JEREZ_L,"{""type"":""Point"",""coordinates"":[-3.177671347312922,37.18253073033325]}"
2006_01_01_00000000000000000006,1.73,7199,18,Pinus_pinaster,2018-05-09T00:00:00Z,1605,37.16089,-3.19681,33,11.0,PIPIN_JEREZ_M,JEREZ_M,"{""type"":""Point"",""coordinates"":[-3.196805349933258,37.160890712920875]}"
2006_01_01_00000000000000000007,1.94,6966,9,Pinus_pinaster,2020-10-06T00:00:00Z,1770,37.135,-3.198,40,9.0,PIPIN_JEREZ_H,JEREZ_H,"{""type"":""Point"",""coordinates"":[-3.1980003890155833,37.13500117220457]}"
2006_01_01_00000000000000000000,1.59,6113,5,Pinus_halepensis,2018-12-28T00:00:00Z,1212,37.08871,-2.68649,41,10.0,PIHAL_NACIMIENTO_M,NAC_HALEPENSIS,"{""type"":""Point"",""coordinates"":[-2.686487988972699,37.088711244168756]}"
2006_01_01_00000000000000000010,1.33,2864,14,Pinus_halepensis,2022-06-13T00:00:00Z,974,37.1101,-2.69854,41,8.7,PIHAL_NACIMIENTO_L,NAC_HALEPENSIS_2,"{""type"":""Point"",""coordinates"":[-2.6985409391201634,37.11010155192212]}"
2006_01_01_00000000000000000011,1.36,5096,13,Pinus_halepensis,2022-06-15T00:00:00Z,1359,37.16982,-3.05232,40,11.3,PIHAL_RAGUA_H,RAG PIHA 3,"{""type"":""Point"",""coordinates"":[-3.052321557599505,37.16981783322988]}"
2006_01_01_00000000000000000008,3.11,9045,22,Pinus_sylvestris,2018-11-28T00:00:00Z,1633,36.95607,-3.30093,37,13.0,PISYL_PORTUGOS_L,PORTUGOS_L,"{""type"":""Point"",""coordinates"":[-3.3009298186322735,36.9560663651319]}"
2006_01_01_00000000000000000009,3.36,8430,27,Pinus_sylvestris,2018-12-11T00:00:00Z,1748,36.96002,-3.30361,47,9.0,PISYL_PORTUGOS_M,PORTUGOS_M,"{""type"":""Point"",""coordinates"":[-3.3036097383653944,36.96001712866525]}"
2006_01_01_0000000000000000000a,3.63,6301,22,Pinus_sylvestris,2018-11-28T00:00:00Z,2000,36.96598,-3.31321,35,9.0,PISYL_PORTUGOS_H,PORTUGOS_H,"{""type"":""Point"",""coordinates"":[-3.313214642034517,36.9659789467737]}"
2006_01_01_0000000000000000000b,1.59,5698,16,Quercus_pyrenaica,2018-10-24T00:00:00Z,1729,36.95328,-3.42906,59,10.0,QUPYR_CANAR_L,CAN_L,"{""type"":""Point"",""coordinates"":[-3.429062087403041,36.95327942697349]}"
2006_01_01_0000000000000000000c,NA,4264,29,Quercus_pyrenaica,2018-11-30T00:00:00Z,1897,36.96031,-3.43163,59,9.0,QUPYR_CANAR_H,CAN_H,"{""type"":""Point"",""coordinates"":[-3.431626070508772,36.960306970233724]}"
2006_01_01_0000000000000000000f,1.07,8054,22,Quercus_pyrenaica/Quercus_ilex,2018-12-11T00:00:00Z,1669,36.95476,-3.31515,38,9.0,QUER_PORTUGOS,PORTUGOS,"{""type"":""Point"",""coordinates"":[-3.315154350992766,36.95475538942218]}"
2007_01_01_00000000000000000001,1.84,8050,0,Pinus_nigra,2018-05-10T00:00:00Z,1646,37.14336,-3.14902,39,9.0,PINIG_LANTEIRA_M,LANTEIRA_M,"{""type"":""Point"",""coordinates"":[-3.14901716394348,37.14335752757873]}"
2007_01_01_00000000000000000002,1.29,7653,0,Pinus_nigra,2021-10-27T00:00:00Z,1585,37.14837,-3.14652,40,13.3,PINIG_LANTEIRA_L2,LANTEIRA_L2,"{""type"":""Point"",""coordinates"":[-3.14652006735355,37.1483695571628]}"
2007_01_01_00000000000000000003,1.95,8386,11,Pinus_nigra,2020-10-06T00:00:00Z,1810,37.132,-3.147,41,8.9,PINIG_LANTEIRA_H,LANTEIRA_H,"{""type"":""Point"",""coordinates"":[-3.1470016502673217,37.1320001971956]}"
2007_01_01_0000000000000000000d,NA,6395,5,Quercus_ilex,2018-11-13T00:00:00Z,1541,37.14269,-2.88892,137,10.0,QUILE_FINANA,FIÑANA,"{""type"":""Point"",""coordinates"":[-2.888917799495981,37.1426886624207]}"
2007_01_01_0000000000000000000e,NA,7080,7,Quercus_ilex,2018-11-20T00:00:00Z,1811,37.12968,-2.89109,NA,9.0,QUILE_ABRUCENA,ABRUCENA,"{""type"":""Point"",""coordinates"":[-2.891089381709009,37.12967700554675]}"
2007_01_01_00000000000000000004,1.08,6202,5,Pinus_pinaster,2021-10-27T00:00:00Z,1433,37.15454,-3.13756,37,12.1,PIPIN_LANTEIRA_L2,LANTERIA_L2,"{""type"":""Point"",""coordinates"":[-3.137561733337176,37.15454095302077]}"
2007_01_01_00000000000000000005,1.48,7162,9,Pinus_pinaster,2021-10-26T00:00:00Z,1353,37.18253,-3.17767,41,11.6,PIPIN_JEREZ_L,JEREZ_L,"{""type"":""Point"",""coordinates"":[-3.177671347312922,37.18253073033325]}"
2007_01_01_00000000000000000006,1.73,8624,3,Pinus_pinaster,2018-05-09T00:00:00Z,1605,37.16089,-3.19681,33,11.0,PIPIN_JEREZ_M,JEREZ_M,"{""type"":""Point"",""coordinates"":[-3.196805349933258,37.160890712920875]}"
2007_01_01_00000000000000000007,1.94,8102,13,Pinus_pinaster,2020-10-06T00:00:00Z,1770,37.135,-3.198,40,9.0,PIPIN_JEREZ_H,JEREZ_H,"{""type"":""Point"",""coordinates"":[-3.1980003890155833,37.13500117220457]}"
2007_01_01_00000000000000000000,1.59,6946,3,Pinus_halepensis,2018-12-28T00:00:00Z,1212,37.08871,-2.68649,41,10.0,PIHAL_NACIMIENTO_M,NAC_HALEPENSIS,"{""type"":""Point"",""coordinates"":[-2.686487988972699,37.088711244168756]}"
2007_01_01_00000000000000000010,1.33,3119,8,Pinus_halepensis,2022-06-13T00:00:00Z,974,37.1101,-2.69854,41,8.7,PIHAL_NACIMIENTO_L,NAC_HALEPENSIS_2,"{""type"":""Point"",""coordinates"":[-2.6985409391201634,37.11010155192212]}"
2007_01_01_00000000000000000011,1.36,5880,7,Pinus_halepensis,2022-06-15T00:00:00Z,1359,37.16982,-3.05232,40,11.3,PIHAL_RAGUA_H,RAG PIHA 3,"{""type"":""Point"",""coordinates"":[-3.052321557599505,37.16981783322988]}"
2007_01_01_00000000000000000008,3.11,9299,17,Pinus_sylvestris,2018-11-28T00:00:00Z,1633,36.95607,-3.30093,37,13.0,PISYL_PORTUGOS_L,PORTUGOS_L,"{""type"":""Point"",""coordinates"":[-3.3009298186322735,36.9560663651319]}"
2007_01_01_00000000000000000009,3.36,8543,14,Pinus_sylvestris,2018-12-11T00:00:00Z,1748,36.96002,-3.30361,47,9.0,PISYL_PORTUGOS_M,PORTUGOS_M,"{""type"":""Point"",""coordinates"":[-3.3036097383653944,36.96001712866525]}"
2007_01_01_0000000000000000000a,3.63,7463,14,Pinus_sylvestris,2018-11-28T00:00:00Z,2000,36.96598,-3.31321,35,9.0,PISYL_PORTUGOS_H,PORTUGOS_H,"{""type"":""Point"",""coordinates"":[-3.313214642034517,36.9659789467737]}"
2007_01_01_0000000000000000000b,1.59,6049,9,Quercus_pyrenaica,2018-10-24T00:00:00Z,1729,36.95328,-3.42906,59,10.0,QUPYR_CANAR_L,CAN_L,"{""type"":""Point"",""coordinates"":[-3.429062087403041,36.95327942697349]}"
2007_01_01_0000000000000000000c,NA,5217,18,Quercus_pyrenaica,2018-11-30T00:00:00Z,1897,36.96031,-3.43163,59,9.0,QUPYR_CANAR_H,CAN_H,"{""type"":""Point"",""coordinates"":[-3.431626070508772,36.960306970233724]}"
2007_01_01_0000000000000000000f,1.07,7375,11,Quercus_pyrenaica/Quercus_ilex,2018-12-11T00:00:00Z,1669,36.95476,-3.31515,38,9.0,QUER_PORTUGOS,PORTUGOS,"{""type"":""Point"",""coordinates"":[-3.315154350992766,36.95475538942218]}"
2008_01_01_00000000000000000001,1.84,7174,9,Pinus_nigra,2018-05-10T00:00:00Z,1646,37.14336,-3.14902,39,9.0,PINIG_LANTEIRA_M,LANTEIRA_M,"{""type"":""Point"",""coordinates"":[-3.14901716394348,37.14335752757873]}"
2008_01_01_00000000000000000002,1.29,6615,7,Pinus_nigra,2021-10-27T00:00:00Z,1585,37.14837,-3.14652,40,13.3,PINIG_LANTEIRA_L2,LANTEIRA_L2,"{""type"":""Point"",""coordinates"":[-3.14652006735355,37.1483695571628]}"
2008_01_01_00000000000000000003,1.95,7262,13,Pinus_nigra,2020-10-06T00:00:00Z,1810,37.132,-3.147,41,8.9,PINIG_LANTEIRA_H,LANTEIRA_H,"{""type"":""Point"",""coordinates"":[-3.1470016502673217,37.1320001971956]}"
2008_01_01_0000000000000000000d,NA,5991,11,Quercus_ilex,2018-11-13T00:00:00Z,1541,37.14269,-2.88892,137,10.0,QUILE_FINANA,FIÑANA,"{""type"":""Point"",""coordinates"":[-2.888917799495981,37.1426886624207]}"
2008_01_01_0000000000000000000e,NA,6505,9,Quercus_ilex,2018-11-20T00:00:00Z,1811,37.12968,-2.89109,NA,9.0,QUILE_ABRUCENA,ABRUCENA,"{""type"":""Point"",""coordinates"":[-2.891089381709009,37.12967700554675]}"
2008_01_01_00000000000000000004,1.08,5276,16,Pinus_pinaster,2021-10-27T00:00:00Z,1433,37.15454,-3.13756,37,12.1,PIPIN_LANTEIRA_L2,LANTERIA_L2,"{""type"":""Point"",""coordinates"":[-3.137561733337176,37.15454095302077]}"
2008_01_01_00000000000000000005,1.48,6209,5,Pinus_pinaster,2021-10-26T00:00:00Z,1353,37.18253,-3.17767,41,11.6,PIPIN_JEREZ_L,JEREZ_L,"{""type"":""Point"",""coordinates"":[-3.177671347312922,37.18253073033325]}"
2008_01_01_00000000000000000006,1.73,7736,17,Pinus_pinaster,2018-05-09T00:00:00Z,1605,37.16089,-3.19681,33,11.0,PIPIN_JEREZ_M,JEREZ_M,"{""type"":""Point"",""coordinates"":[-3.196805349933258,37.160890712920875]}"
2008_01_01_00000000000000000007,1.94,7339,20,Pinus_pinaster,2020-10-06T00:00:00Z,1770,37.135,-3.198,40,9.0,PIPIN_JEREZ_H,JEREZ_H,"{""type"":""Point"",""coordinates"":[-3.1980003890155833,37.13500117220457]}"
2008_01_01_00000000000000000000,1.59,6447,5,Pinus_halepensis,2018-12-28T00:00:00Z,1212,37.08871,-2.68649,41,10.0,PIHAL_NACIMIENTO_M,NAC_HALEPENSIS,"{""type"":""Point"",""coordinates"":[-2.686487988972699,37.088711244168756]}"
2008_01_01_00000000000000000010,1.33,2628,14,Pinus_halepensis,2022-06-13T00:00:00Z,974,37.1101,-2.69854,41,8.7,PIHAL_NACIMIENTO_L,NAC_HALEPENSIS_2,"{""type"":""Point"",""coordinates"":[-2.6985409391201634,37.11010155192212]}"
2008_01_01_00000000000000000011,1.36,4901,11,Pinus_halepensis,2022-06-15T00:00:00Z,1359,37.16982,-3.05232,40,11.3,PIHAL_RAGUA_H,RAG PIHA 3,"{""type"":""Point"",""coordinates"":[-3.052321557599505,37.16981783322988]}"
2008_01_01_00000000000000000008,3.11,8804,15,Pinus_sylvestris,2018-11-28T00:00:00Z,1633,36.95607,-3.30093,37,13.0,PISYL_PORTUGOS_L,PORTUGOS_L,"{""type"":""Point"",""coordinates"":[-3.3009298186322735,36.9560663651319]}"
2008_01_01_00000000000000000009,3.36,8038,13,Pinus_sylvestris,2018-12-11T00:00:00Z,1748,36.96002,-3.30361,47,9.0,PISYL_PORTUGOS_M,PORTUGOS_M,"{""type"":""Point"",""coordinates"":[-3.3036097383653944,36.96001712866525]}"
2008_01_01_0000000000000000000a,3.63,6628,28,Pinus_sylvestris,2018-11-28T00:00:00Z,2000,36.96598,-3.31321,35,9.0,PISYL_PORTUGOS_H,PORTUGOS_H,"{""type"":""Point"",""coordinates"":[-3.313214642034517,36.9659789467737]}"
2008_01_01_0000000000000000000b,1.59,5934,26,Quercus_pyrenaica,2018-10-24T00:00:00Z,1729,36.95328,-3.42906,59,10.0,QUPYR_CANAR_L,CAN_L,"{""type"":""Point"",""coordinates"":[-3.429062087403041,36.95327942697349]}"
2008_01_01_0000000000000000000c,NA,4723,31,Quercus_pyrenaica,2018-11-30T00:00:00Z,1897,36.96031,-3.43163,59,9.0,QUPYR_CANAR_H,CAN_H,"{""type"":""Point"",""coordinates"":[-3.431626070508772,36.960306970233724]}"
2008_01_01_0000000000000000000f,1.07,7353,17,Quercus_pyrenaica/Quercus_ilex,2018-12-11T00:00:00Z,1669,36.95476,-3.31515,38,9.0,QUER_PORTUGOS,PORTUGOS,"{""type"":""Point"",""coordinates"":[-3.315154350992766,36.95475538942218]}"
2009_01_01_00000000000000000001,1.84,6831,0,Pinus_nigra,2018-05-10T00:00:00Z,1646,37.14336,-3.14902,39,9.0,PINIG_LANTEIRA_M,LANTEIRA_M,"{""type"":""Point"",""coordinates"":[-3.14901716394348,37.14335752757873]}"
2009_01_01_00000000000000000002,1.29,6412,5,Pinus_nigra,2021-10-27T00:00:00Z,1585,37.14837,-3.14652,40,13.3,PINIG_LANTEIRA_L2,LANTEIRA_L2,"{""type"":""Point"",""coordinates"":[-3.14652006735355,37.1483695571628]}"
2009_01_01_00000000000000000003,1.95,6975,9,Pinus_nigra,2020-10-06T00:00:00Z,1810,37.132,-3.147,41,8.9,PINIG_LANTEIRA_H,LANTEIRA_H,"{""type"":""Point"",""coordinates"":[-3.1470016502673217,37.1320001971956]}"
2009_01_01_0000000000000000000d,NA,6203,9,Quercus_ilex,2018-11-13T00:00:00Z,1541,37.14269,-2.88892,137,10.0,QUILE_FINANA,FIÑANA,"{""type"":""Point"",""coordinates"":[-2.888917799495981,37.1426886624207]}"
2009_01_01_0000000000000000000e,NA,6460,7,Quercus_ilex,2018-11-20T00:00:00Z,1811,37.12968,-2.89109,NA,9.0,QUILE_ABRUCENA,ABRUCENA,"{""type"":""Point"",""coordinates"":[-2.891089381709009,37.12967700554675]}"
2009_01_01_00000000000000000004,1.08,5176,14,Pinus_pinaster,2021-10-27T00:00:00Z,1433,37.15454,-3.13756,37,12.1,PIPIN_LANTEIRA_L2,LANTERIA_L2,"{""type"":""Point"",""coordinates"":[-3.137561733337176,37.15454095302077]}"
2009_01_01_00000000000000000005,1.48,5944,8,Pinus_pinaster,2021-10-26T00:00:00Z,1353,37.18253,-3.17767,41,11.6,PIPIN_JEREZ_L,JEREZ_L,"{""type"":""Point"",""coordinates"":[-3.177671347312922,37.18253073033325]}"
2009_01_01_00000000000000000006,1.73,7079,7,Pinus_pinaster,2018-05-09T00:00:00Z,1605,37.16089,-3.19681,33,11.0,PIPIN_JEREZ_M,JEREZ_M,"{""type"":""Point"",""coordinates"":[-3.196805349933258,37.160890712920875]}"
2009_01_01_00000000000000000007,1.94,6801,16,Pinus_pinaster,2020-10-06T00:00:00Z,1770,37.135,-3.198,40,9.0,PIPIN_JEREZ_H,JEREZ_H,"{""type"":""Point"",""coordinates"":[-3.1980003890155833,37.13500117220457]}"
2009_01_01_00000000000000000000,1.59,6480,3,Pinus_halepensis,2018-12-28T00:00:00Z,1212,37.08871,-2.68649,41,10.0,PIHAL_NACIMIENTO_M,NAC_HALEPENSIS,"{""type"":""Point"",""coordinates"":[-2.686487988972699,37.088711244168756]}"
2009_01_01_00000000000000000010,1.33,3188,6,Pinus_halepensis,2022-06-13T00:00:00Z,974,37.1101,-2.69854,41,8.7,PIHAL_NACIMIENTO_L,NAC_HALEPENSIS_2,"{""type"":""Point"",""coordinates"":[-2.6985409391201634,37.11010155192212]}"
2009_01_01_00000000000000000011,1.36,4674,9,Pinus_halepensis,2022-06-15T00:00:00Z,1359,37.16982,-3.05232,40,11.3,PIHAL_RAGUA_H,RAG PIHA 3,"{""type"":""Point"",""coordinates"":[-3.052321557599505,37.16981783322988]}"
2009_01_01_00000000000000000008,3.11,8197,17,Pinus_sylvestris,2018-11-28T00:00:00Z,1633,36.95607,-3.30093,37,13.0,PISYL_PORTUGOS_L,PORTUGOS_L,"{""type"":""Point"",""coordinates"":[-3.3009298186322735,36.9560663651319]}"
2009_01_01_00000000000000000009,3.36,7877,19,Pinus_sylvestris,2018-12-11T00:00:00Z,1748,36.96002,-3.30361,47,9.0,PISYL_PORTUGOS_M,PORTUGOS_M,"{""type"":""Point"",""coordinates"":[-3.3036097383653944,36.96001712866525]}"
2009_01_01_0000000000000000000a,3.63,6374,28,Pinus_sylvestris,2018-11-28T00:00:00Z,2000,36.96598,-3.31321,35,9.0,PISYL_PORTUGOS_H,PORTUGOS_H,"{""type"":""Point"",""coordinates"":[-3.313214642034517,36.9659789467737]}"
2009_01_01_0000000000000000000b,1.59,5483,18,Quercus_pyrenaica,2018-10-24T00:00:00Z,1729,36.95328,-3.42906,59,10.0,QUPYR_CANAR_L,CAN_L,"{""type"":""Point"",""coordinates"":[-3.429062087403041,36.95327942697349]}"
2009_01_01_0000000000000000000c,NA,4080,28,Quercus_pyrenaica,2018-11-30T00:00:00Z,1897,36.96031,-3.43163,59,9.0,QUPYR_CANAR_H,CAN_H,"{""type"":""Point"",""coordinates"":[-3.431626070508772,36.960306970233724]}"
2009_01_01_0000000000000000000f,1.07,6955,16,Quercus_pyrenaica/Quercus_ilex,2018-12-11T00:00:00Z,1669,36.95476,-3.31515,38,9.0,QUER_PORTUGOS,PORTUGOS,"{""type"":""Point"",""coordinates"":[-3.315154350992766,36.95475538942218]}"
2010_01_01_00000000000000000001,1.84,7547,5,Pinus_nigra,2018-05-10T00:00:00Z,1646,37.14336,-3.14902,39,9.0,PINIG_LANTEIRA_M,LANTEIRA_M,"{""type"":""Point"",""coordinates"":[-3.14901716394348,37.14335752757873]}"
2010_01_01_00000000000000000002,1.29,7140,5,Pinus_nigra,2021-10-27T00:00:00Z,1585,37.14837,-3.14652,40,13.3,PINIG_LANTEIRA_L2,LANTEIRA_L2,"{""type"":""Point"",""coordinates"":[-3.14652006735355,37.1483695571628]}"
2010_01_01_00000000000000000003,1.95,7610,14,Pinus_nigra,2020-10-06T00:00:00Z,1810,37.132,-3.147,41,8.9,PINIG_LANTEIRA_H,LANTEIRA_H,"{""type"":""Point"",""coordinates"":[-3.1470016502673217,37.1320001971956]}"
2010_01_01_0000000000000000000d,NA,6715,7,Quercus_ilex,2018-11-13T00:00:00Z,1541,37.14269,-2.88892,137,10.0,QUILE_FINANA,FIÑANA,"{""type"":""Point"",""coordinates"":[-2.888917799495981,37.1426886624207]}"
2010_01_01_0000000000000000000e,NA,6977,3,Quercus_ilex,2018-11-20T00:00:00Z,1811,37.12968,-2.89109,NA,9.0,QUILE_ABRUCENA,ABRUCENA,"{""type"":""Point"",""coordinates"":[-2.891089381709009,37.12967700554675]}"
2010_01_01_00000000000000000004,1.08,5919,7,Pinus_pinaster,2021-10-27T00:00:00Z,1433,37.15454,-3.13756,37,12.1,PIPIN_LANTEIRA_L2,LANTERIA_L2,"{""type"":""Point"",""coordinates"":[-3.137561733337176,37.15454095302077]}"
2010_01_01_00000000000000000005,1.48,6801,14,Pinus_pinaster,2021-10-26T00:00:00Z,1353,37.18253,-3.17767,41,11.6,PIPIN_JEREZ_L,JEREZ_L,"{""type"":""Point"",""coordinates"":[-3.177671347312922,37.18253073033325]}"
2010_01_01_00000000000000000006,1.73,8217,11,Pinus_pinaster,2018-05-09T00:00:00Z,1605,37.16089,-3.19681,33,11.0,PIPIN_JEREZ_M,JEREZ_M,"{""type"":""Point"",""coordinates"":[-3.196805349933258,37.160890712920875]}"
2010_01_01_00000000000000000007,1.94,7926,16,Pinus_pinaster,2020-10-06T00:00:00Z,1770,37.135,-3.198,40,9.0,PIPIN_JEREZ_H,JEREZ_H,"{""type"":""Point"",""coordinates"":[-3.1980003890155833,37.13500117220457]}"
2010_01_01_00000000000000000000,1.59,6986,5,Pinus_halepensis,2018-12-28T00:00:00Z,1212,37.08871,-2.68649,41,10.0,PIHAL_NACIMIENTO_M,NAC_HALEPENSIS,"{""type"":""Point"",""coordinates"":[-2.686487988972699,37.088711244168756]}"
2010_01_01_00000000000000000010,1.33,3554,14,Pinus_halepensis,2022-06-13T00:00:00Z,974,37.1101,-2.69854,41,8.7,PIHAL_NACIMIENTO_L,NAC_HALEPENSIS_2,"{""type"":""Point"",""coordinates"":[-2.6985409391201634,37.11010155192212]}"
2010_01_01_00000000000000000011,1.36,5352,6,Pinus_halepensis,2022-06-15T00:00:00Z,1359,37.16982,-3.05232,40,11.3,PIHAL_RAGUA_H,RAG PIHA 3,"{""type"":""Point"",""coordinates"":[-3.052321557599505,37.16981783322988]}"
2010_01_01_00000000000000000008,3.11,8955,20,Pinus_sylvestris,2018-11-28T00:00:00Z,1633,36.95607,-3.30093,37,13.0,PISYL_PORTUGOS_L,PORTUGOS_L,"{""type"":""Point"",""coordinates"":[-3.3009298186322735,36.9560663651319]}"
2010_01_01_00000000000000000009,3.36,8274,20,Pinus_sylvestris,2018-12-11T00:00:00Z,1748,36.96002,-3.30361,47,9.0,PISYL_PORTUGOS_M,PORTUGOS_M,"{""type"":""Point"",""coordinates"":[-3.3036097383653944,36.96001712866525]}"
2010_01_01_0000000000000000000a,3.63,7323,22,Pinus_sylvestris,2018-11-28T00:00:00Z,2000,36.96598,-3.31321,35,9.0,PISYL_PORTUGOS_H,PORTUGOS_H,"{""type"":""Point"",""coordinates"":[-3.313214642034517,36.9659789467737]}"
2010_01_01_0000000000000000000b,1.59,6304,19,Quercus_pyrenaica,2018-10-24T00:00:00Z,1729,36.95328,-3.42906,59,10.0,QUPYR_CANAR_L,CAN_L,"{""type"":""Point"",""coordinates"":[-3.429062087403041,36.95327942697349]}"
2010_01_01_0000000000000000000c,NA,5000,28,Quercus_pyrenaica,2018-11-30T00:00:00Z,1897,36.96031,-3.43163,59,9.0,QUPYR_CANAR_H,CAN_H,"{""type"":""Point"",""coordinates"":[-3.431626070508772,36.960306970233724]}"
2010_01_01_0000000000000000000f,1.07,7546,22,Quercus_pyrenaica/Quercus_ilex,2018-12-11T00:00:00Z,1669,36.95476,-3.31515,38,9.0,QUER_PORTUGOS,PORTUGOS,"{""type"":""Point"",""coordinates"":[-3.315154350992766,36.95475538942218]}"
2011_01_01_00000000000000000001,1.84,8111,5,Pinus_nigra,2018-05-10T00:00:00Z,1646,37.14336,-3.14902,39,9.0,PINIG_LANTEIRA_M,LANTEIRA_M,"{""type"":""Point"",""coordinates"":[-3.14901716394348,37.14335752757873]}"
2011_01_01_00000000000000000002,1.29,7778,7,Pinus_nigra,2021-10-27T00:00:00Z,1585,37.14837,-3.14652,40,13.3,PINIG_LANTEIRA_L2,LANTEIRA_L2,"{""type"":""Point"",""coordinates"":[-3.14652006735355,37.1483695571628]}"
2011_01_01_00000000000000000003,1.95,7641,3,Pinus_nigra,2020-10-06T00:00:00Z,1810,37.132,-3.147,41,8.9,PINIG_LANTEIRA_H,LANTEIRA_H,"{""type"":""Point"",""coordinates"":[-3.1470016502673217,37.1320001971956]}"
2011_01_01_0000000000000000000d,NA,7453,3,Quercus_ilex,2018-11-13T00:00:00Z,1541,37.14269,-2.88892,137,10.0,QUILE_FINANA,FIÑANA,"{""type"":""Point"",""coordinates"":[-2.888917799495981,37.1426886624207]}"
2011_01_01_0000000000000000000e,NA,7538,5,Quercus_ilex,2018-11-20T00:00:00Z,1811,37.12968,-2.89109,NA,9.0,QUILE_ABRUCENA,ABRUCENA,"{""type"":""Point"",""coordinates"":[-2.891089381709009,37.12967700554675]}"
2011_01_01_00000000000000000004,1.08,6730,9,Pinus_pinaster,2021-10-27T00:00:00Z,1433,37.15454,-3.13756,37,12.1,PIPIN_LANTEIRA_L2,LANTERIA_L2,"{""type"":""Point"",""coordinates"":[-3.137561733337176,37.15454095302077]}"
2011_01_01_00000000000000000005,1.48,7366,3,Pinus_pinaster,2021-10-26T00:00:00Z,1353,37.18253,-3.17767,41,11.6,PIPIN_JEREZ_L,JEREZ_L,"{""type"":""Point"",""coordinates"":[-3.177671347312922,37.18253073033325]}"
2011_01_01_00000000000000000006,1.73,8369,5,Pinus_pinaster,2018-05-09T00:00:00Z,1605,37.16089,-3.19681,33,11.0,PIPIN_JEREZ_M,JEREZ_M,"{""type"":""Point"",""coordinates"":[-3.196805349933258,37.160890712920875]}"
2011_01_01_00000000000000000007,1.94,8150,11,Pinus_pinaster,2020-10-06T00:00:00Z,1770,37.135,-3.198,40,9.0,PIPIN_JEREZ_H,JEREZ_H,"{""type"":""Point"",""coordinates"":[-3.1980003890155833,37.13500117220457]}"
2011_01_01_00000000000000000000,1.59,7265,7,Pinus_halepensis,2018-12-28T00:00:00Z,1212,37.08871,-2.68649,41,10.0,PIHAL_NACIMIENTO_M,NAC_HALEPENSIS,"{""type"":""Point"",""coordinates"":[-2.686487988972699,37.088711244168756]}"
2011_01_01_00000000000000000010,1.33,4066,3,Pinus_halepensis,2022-06-13T00:00:00Z,974,37.1101,-2.69854,41,8.7,PIHAL_NACIMIENTO_L,NAC_HALEPENSIS_2,"{""type"":""Point"",""coordinates"":[-2.6985409391201634,37.11010155192212]}"
2011_01_01_00000000000000000011,1.36,6054,7,Pinus_halepensis,2022-06-15T00:00:00Z,1359,37.16982,-3.05232,40,11.3,PIHAL_RAGUA_H,RAG PIHA 3,"{""type"":""Point"",""coordinates"":[-3.052321557599505,37.16981783322988]}"
2011_01_01_00000000000000000008,3.11,10042,11,Pinus_sylvestris,2018-11-28T00:00:00Z,1633,36.95607,-3.30093,37,13.0,PISYL_PORTUGOS_L,PORTUGOS_L,"{""type"":""Point"",""coordinates"":[-3.3009298186322735,36.9560663651319]}"
2011_01_01_00000000000000000009,3.36,8927,14,Pinus_sylvestris,2018-12-11T00:00:00Z,1748,36.96002,-3.30361,47,9.0,PISYL_PORTUGOS_M,PORTUGOS_M,"{""type"":""Point"",""coordinates"":[-3.3036097383653944,36.96001712866525]}"
2011_01_01_0000000000000000000a,3.63,7846,22,Pinus_sylvestris,2018-11-28T00:00:00Z,2000,36.96598,-3.31321,35,9.0,PISYL_PORTUGOS_H,PORTUGOS_H,"{""type"":""Point"",""coordinates"":[-3.313214642034517,36.9659789467737]}"
2011_01_01_0000000000000000000b,1.59,6882,16,Quercus_pyrenaica,2018-10-24T00:00:00Z,1729,36.95328,-3.42906,59,10.0,QUPYR_CANAR_L,CAN_L,"{""type"":""Point"",""coordinates"":[-3.429062087403041,36.95327942697349]}"
2011_01_01_0000000000000000000c,NA,5381,19,Quercus_pyrenaica,2018-11-30T00:00:00Z,1897,36.96031,-3.43163,59,9.0,QUPYR_CANAR_H,CAN_H,"{""type"":""Point"",""coordinates"":[-3.431626070508772,36.960306970233724]}"
2011_01_01_0000000000000000000f,1.07,8289,8,Quercus_pyrenaica/Quercus_ilex,2018-12-11T00:00:00Z,1669,36.95476,-3.31515,38,9.0,QUER_PORTUGOS,PORTUGOS,"{""type"":""Point"",""coordinates"":[-3.315154350992766,36.95475538942218]}"
2012_01_01_00000000000000000001,1.84,5538,9,Pinus_nigra,2018-05-10T00:00:00Z,1646,37.14336,-3.14902,39,9.0,PINIG_LANTEIRA_M,LANTEIRA_M,"{""type"":""Point"",""coordinates"":[-3.14901716394348,37.14335752757873]}"
2012_01_01_00000000000000000002,1.29,5283,9,Pinus_nigra,2021-10-27T00:00:00Z,1585,37.14837,-3.14652,40,13.3,PINIG_LANTEIRA_L2,LANTEIRA_L2,"{""type"":""Point"",""coordinates"":[-3.14652006735355,37.1483695571628]}"
2012_01_01_00000000000000000003,1.95,5542,14,Pinus_nigra,2020-10-06T00:00:00Z,1810,37.132,-3.147,41,8.9,PINIG_LANTEIRA_H,LANTEIRA_H,"{""type"":""Point"",""coordinates"":[-3.1470016502673217,37.1320001971956]}"
2012_01_01_0000000000000000000d,NA,5584,7,Quercus_ilex,2018-11-13T00:00:00Z,1541,37.14269,-2.88892,137,10.0,QUILE_FINANA,FIÑANA,"{""type"":""Point"",""coordinates"":[-2.888917799495981,37.1426886624207]}"
2012_01_01_0000000000000000000e,NA,5212,2,Quercus_ilex,2018-11-20T00:00:00Z,1811,37.12968,-2.89109,NA,9.0,QUILE_ABRUCENA,ABRUCENA,"{""type"":""Point"",""coordinates"":[-2.891089381709009,37.12967700554675]}"
2012_01_01_00000000000000000004,1.08,5294,9,Pinus_pinaster,2021-10-27T00:00:00Z,1433,37.15454,-3.13756,37,12.1,PIPIN_LANTEIRA_L2,LANTERIA_L2,"{""type"":""Point"",""coordinates"":[-3.137561733337176,37.15454095302077]}"
2012_01_01_00000000000000000005,1.48,5461,5,Pinus_pinaster,2021-10-26T00:00:00Z,1353,37.18253,-3.17767,41,11.6,PIPIN_JEREZ_L,JEREZ_L,"{""type"":""Point"",""coordinates"":[-3.177671347312922,37.18253073033325]}"
2012_01_01_00000000000000000006,1.73,5846,5,Pinus_pinaster,2018-05-09T00:00:00Z,1605,37.16089,-3.19681,33,11.0,PIPIN_JEREZ_M,JEREZ_M,"{""type"":""Point"",""coordinates"":[-3.196805349933258,37.160890712920875]}"
2012_01_01_00000000000000000007,1.94,5903,7,Pinus_pinaster,2020-10-06T00:00:00Z,1770,37.135,-3.198,40,9.0,PIPIN_JEREZ_H,JEREZ_H,"{""type"":""Point"",""coordinates"":[-3.1980003890155833,37.13500117220457]}"
2012_01_01_00000000000000000000,1.59,5674,0,Pinus_halepensis,2018-12-28T00:00:00Z,1212,37.08871,-2.68649,41,10.0,PIHAL_NACIMIENTO_M,NAC_HALEPENSIS,"{""type"":""Point"",""coordinates"":[-2.686487988972699,37.088711244168756]}"
2012_01_01_00000000000000000010,1.33,3020,11,Pinus_halepensis,2022-06-13T00:00:00Z,974,37.1101,-2.69854,41,8.7,PIHAL_NACIMIENTO_L,NAC_HALEPENSIS_2,"{""type"":""Point"",""coordinates"":[-2.6985409391201634,37.11010155192212]}"
2012_01_01_00000000000000000011,1.36,4641,14,Pinus_halepensis,2022-06-15T00:00:00Z,1359,37.16982,-3.05232,40,11.3,PIHAL_RAGUA_H,RAG PIHA 3,"{""type"":""Point"",""coordinates"":[-3.052321557599505,37.16981783322988]}"
2012_01_01_00000000000000000008,3.11,7597,9,Pinus_sylvestris,2018-11-28T00:00:00Z,1633,36.95607,-3.30093,37,13.0,PISYL_PORTUGOS_L,PORTUGOS_L,"{""type"":""Point"",""coordinates"":[-3.3009298186322735,36.9560663651319]}"
2012_01_01_00000000000000000009,3.36,7332,11,Pinus_sylvestris,2018-12-11T00:00:00Z,1748,36.96002,-3.30361,47,9.0,PISYL_PORTUGOS_M,PORTUGOS_M,"{""type"":""Point"",""coordinates"":[-3.3036097383653944,36.96001712866525]}"
2012_01_01_0000000000000000000a,3.63,6272,15,Pinus_sylvestris,2018-11-28T00:00:00Z,2000,36.96598,-3.31321,35,9.0,PISYL_PORTUGOS_H,PORTUGOS_H,"{""type"":""Point"",""coordinates"":[-3.313214642034517,36.9659789467737]}"
2012_01_01_0000000000000000000b,1.59,5301,9,Quercus_pyrenaica,2018-10-24T00:00:00Z,1729,36.95328,-3.42906,59,10.0,QUPYR_CANAR_L,CAN_L,"{""type"":""Point"",""coordinates"":[-3.429062087403041,36.95327942697349]}"
2012_01_01_0000000000000000000c,NA,3990,28,Quercus_pyrenaica,2018-11-30T00:00:00Z,1897,36.96031,-3.43163,59,9.0,QUPYR_CANAR_H,CAN_H,"{""type"":""Point"",""coordinates"":[-3.431626070508772,36.960306970233724]}"
2012_01_01_0000000000000000000f,1.07,6652,3,Quercus_pyrenaica/Quercus_ilex,2018-12-11T00:00:00Z,1669,36.95476,-3.31515,38,9.0,QUER_PORTUGOS,PORTUGOS,"{""type"":""Point"",""coordinates"":[-3.315154350992766,36.95475538942218]}"
2013_01_01_00000000000000000001,1.84,8127,7,Pinus_nigra,2018-05-10T00:00:00Z,1646,37.14336,-3.14902,39,9.0,PINIG_LANTEIRA_M,LANTEIRA_M,"{""type"":""Point"",""coordinates"":[-3.14901716394348,37.14335752757873]}"
2013_01_01_00000000000000000002,1.29,7888,7,Pinus_nigra,2021-10-27T00:00:00Z,1585,37.14837,-3.14652,40,13.3,PINIG_LANTEIRA_L2,LANTEIRA_L2,"{""type"":""Point"",""coordinates"":[-3.14652006735355,37.1483695571628]}"
2013_01_01_00000000000000000003,1.95,8242,5,Pinus_nigra,2020-10-06T00:00:00Z,1810,37.132,-3.147,41,8.9,PINIG_LANTEIRA_H,LANTEIRA_H,"{""type"":""Point"",""coordinates"":[-3.1470016502673217,37.1320001971956]}"
2013_01_01_0000000000000000000d,NA,7795,11,Quercus_ilex,2018-11-13T00:00:00Z,1541,37.14269,-2.88892,137,10.0,QUILE_FINANA,FIÑANA,"{""type"":""Point"",""coordinates"":[-2.888917799495981,37.1426886624207]}"
2013_01_01_0000000000000000000e,NA,7645,9,Quercus_ilex,2018-11-20T00:00:00Z,1811,37.12968,-2.89109,NA,9.0,QUILE_ABRUCENA,ABRUCENA,"{""type"":""Point"",""coordinates"":[-2.891089381709009,37.12967700554675]}"
2013_01_01_00000000000000000004,1.08,7250,9,Pinus_pinaster,2021-10-27T00:00:00Z,1433,37.15454,-3.13756,37,12.1,PIPIN_LANTEIRA_L2,LANTERIA_L2,"{""type"":""Point"",""coordinates"":[-3.137561733337176,37.15454095302077]}"
2013_01_01_00000000000000000005,1.48,7941,3,Pinus_pinaster,2021-10-26T00:00:00Z,1353,37.18253,-3.17767,41,11.6,PIPIN_JEREZ_L,JEREZ_L,"{""type"":""Point"",""coordinates"":[-3.177671347312922,37.18253073033325]}"
2013_01_01_00000000000000000006,1.73,9013,7,Pinus_pinaster,2018-05-09T00:00:00Z,1605,37.16089,-3.19681,33,11.0,PIPIN_JEREZ_M,JEREZ_M,"{""type"":""Point"",""coordinates"":[-3.196805349933258,37.160890712920875]}"
2013_01_01_00000000000000000007,1.94,8467,5,Pinus_pinaster,2020-10-06T00:00:00Z,1770,37.135,-3.198,40,9.0,PIPIN_JEREZ_H,JEREZ_H,"{""type"":""Point"",""coordinates"":[-3.1980003890155833,37.13500117220457]}"
2013_01_01_00000000000000000000,1.59,7637,9,Pinus_halepensis,2018-12-28T00:00:00Z,1212,37.08871,-2.68649,41,10.0,PIHAL_NACIMIENTO_M,NAC_HALEPENSIS,"{""type"":""Point"",""coordinates"":[-2.686487988972699,37.088711244168756]}"
2013_01_01_00000000000000000010,1.33,3832,9,Pinus_halepensis,2022-06-13T00:00:00Z,974,37.1101,-2.69854,41,8.7,PIHAL_NACIMIENTO_L,NAC_HALEPENSIS_2,"{""type"":""Point"",""coordinates"":[-2.6985409391201634,37.11010155192212]}"
2013_01_01_00000000000000000011,1.36,6337,9,Pinus_halepensis,2022-06-15T00:00:00Z,1359,37.16982,-3.05232,40,11.3,PIHAL_RAGUA_H,RAG PIHA 3,"{""type"":""Point"",""coordinates"":[-3.052321557599505,37.16981783322988]}"
2013_01_01_00000000000000000008,3.11,10369,11,Pinus_sylvestris,2018-11-28T00:00:00Z,1633,36.95607,-3.30093,37,13.0,PISYL_PORTUGOS_L,PORTUGOS_L,"{""type"":""Point"",""coordinates"":[-3.3009298186322735,36.9560663651319]}"
2013_01_01_00000000000000000009,3.36,9426,9,Pinus_sylvestris,2018-12-11T00:00:00Z,1748,36.96002,-3.30361,47,9.0,PISYL_PORTUGOS_M,PORTUGOS_M,"{""type"":""Point"",""coordinates"":[-3.3036097383653944,36.96001712866525]}"
2013_01_01_0000000000000000000a,3.63,8046,20,Pinus_sylvestris,2018-11-28T00:00:00Z,2000,36.96598,-3.31321,35,9.0,PISYL_PORTUGOS_H,PORTUGOS_H,"{""type"":""Point"",""coordinates"":[-3.313214642034517,36.9659789467737]}"
2013_01_01_0000000000000000000b,1.59,7055,25,Quercus_pyrenaica,2018-10-24T00:00:00Z,1729,36.95328,-3.42906,59,10.0,QUPYR_CANAR_L,CAN_L,"{""type"":""Point"",""coordinates"":[-3.429062087403041,36.95327942697349]}"
2013_01_01_0000000000000000000c,NA,5625,30,Quercus_pyrenaica,2018-11-30T00:00:00Z,1897,36.96031,-3.43163,59,9.0,QUPYR_CANAR_H,CAN_H,"{""type"":""Point"",""coordinates"":[-3.431626070508772,36.960306970233724]}"
2013_01_01_0000000000000000000f,1.07,8346,18,Quercus_pyrenaica/Quercus_ilex,2018-12-11T00:00:00Z,1669,36.95476,-3.31515,38,9.0,QUER_PORTUGOS,PORTUGOS,"{""type"":""Point"",""coordinates"":[-3.315154350992766,36.95475538942218]}"
2014_01_01_00000000000000000001,1.84,7282,11,Pinus_nigra,2018-05-10T00:00:00Z,1646,37.14336,-3.14902,39,9.0,PINIG_LANTEIRA_M,LANTEIRA_M,"{""type"":""Point"",""coordinates"":[-3.14901716394348,37.14335752757873]}"
2014_01_01_00000000000000000002,1.29,6717,7,Pinus_nigra,2021-10-27T00:00:00Z,1585,37.14837,-3.14652,40,13.3,PINIG_LANTEIRA_L2,LANTEIRA_L2,"{""type"":""Point"",""coordinates"":[-3.14652006735355,37.1483695571628]}"
2014_01_01_00000000000000000003,1.95,7413,11,Pinus_nigra,2020-10-06T00:00:00Z,1810,37.132,-3.147,41,8.9,PINIG_LANTEIRA_H,LANTEIRA_H,"{""type"":""Point"",""coordinates"":[-3.1470016502673217,37.1320001971956]}"
2014_01_01_0000000000000000000d,NA,6577,5,Quercus_ilex,2018-11-13T00:00:00Z,1541,37.14269,-2.88892,137,10.0,QUILE_FINANA,FIÑANA,"{""type"":""Point"",""coordinates"":[-2.888917799495981,37.1426886624207]}"
2014_01_01_0000000000000000000e,NA,6799,14,Quercus_ilex,2018-11-20T00:00:00Z,1811,37.12968,-2.89109,NA,9.0,QUILE_ABRUCENA,ABRUCENA,"{""type"":""Point"",""coordinates"":[-2.891089381709009,37.12967700554675]}"
2014_01_01_00000000000000000004,1.08,6360,7,Pinus_pinaster,2021-10-27T00:00:00Z,1433,37.15454,-3.13756,37,12.1,PIPIN_LANTEIRA_L2,LANTERIA_L2,"{""type"":""Point"",""coordinates"":[-3.137561733337176,37.15454095302077]}"
2014_01_01_00000000000000000005,1.48,6757,7,Pinus_pinaster,2021-10-26T00:00:00Z,1353,37.18253,-3.17767,41,11.6,PIPIN_JEREZ_L,JEREZ_L,"{""type"":""Point"",""coordinates"":[-3.177671347312922,37.18253073033325]}"
2014_01_01_00000000000000000006,1.73,7457,9,Pinus_pinaster,2018-05-09T00:00:00Z,1605,37.16089,-3.19681,33,11.0,PIPIN_JEREZ_M,JEREZ_M,"{""type"":""Point"",""coordinates"":[-3.196805349933258,37.160890712920875]}"
2014_01_01_00000000000000000007,1.94,7310,9,Pinus_pinaster,2020-10-06T00:00:00Z,1770,37.135,-3.198,40,9.0,PIPIN_JEREZ_H,JEREZ_H,"{""type"":""Point"",""coordinates"":[-3.1980003890155833,37.13500117220457]}"
2014_01_01_00000000000000000000,1.59,6335,5,Pinus_halepensis,2018-12-28T00:00:00Z,1212,37.08871,-2.68649,41,10.0,PIHAL_NACIMIENTO_M,NAC_HALEPENSIS,"{""type"":""Point"",""coordinates"":[-2.686487988972699,37.088711244168756]}"
2014_01_01_00000000000000000010,1.33,2856,11,Pinus_halepensis,2022-06-13T00:00:00Z,974,37.1101,-2.69854,41,8.7,PIHAL_NACIMIENTO_L,NAC_HALEPENSIS_2,"{""type"":""Point"",""coordinates"":[-2.6985409391201634,37.11010155192212]}"
2014_01_01_00000000000000000011,1.36,5323,5,Pinus_halepensis,2022-06-15T00:00:00Z,1359,37.16982,-3.05232,40,11.3,PIHAL_RAGUA_H,RAG PIHA 3,"{""type"":""Point"",""coordinates"":[-3.052321557599505,37.16981783322988]}"
2014_01_01_00000000000000000008,3.11,9947,9,Pinus_sylvestris,2018-11-28T00:00:00Z,1633,36.95607,-3.30093,37,13.0,PISYL_PORTUGOS_L,PORTUGOS_L,"{""type"":""Point"",""coordinates"":[-3.3009298186322735,36.9560663651319]}"
2014_01_01_00000000000000000009,3.36,9286,22,Pinus_sylvestris,2018-12-11T00:00:00Z,1748,36.96002,-3.30361,47,9.0,PISYL_PORTUGOS_M,PORTUGOS_M,"{""type"":""Point"",""coordinates"":[-3.3036097383653944,36.96001712866525]}"
2014_01_01_0000000000000000000a,3.63,7514,20,Pinus_sylvestris,2018-11-28T00:00:00Z,2000,36.96598,-3.31321,35,9.0,PISYL_PORTUGOS_H,PORTUGOS_H,"{""type"":""Point"",""coordinates"":[-3.313214642034517,36.9659789467737]}"
2014_01_01_0000000000000000000b,1.59,6558,16,Quercus_pyrenaica,2018-10-24T00:00:00Z,1729,36.95328,-3.42906,59,10.0,QUPYR_CANAR_L,CAN_L,"{""type"":""Point"",""coordinates"":[-3.429062087403041,36.95327942697349]}"
2014_01_01_0000000000000000000c,NA,5379,20,Quercus_pyrenaica,2018-11-30T00:00:00Z,1897,36.96031,-3.43163,59,9.0,QUPYR_CANAR_H,CAN_H,"{""type"":""Point"",""coordinates"":[-3.431626070508772,36.960306970233724]}"
2014_01_01_0000000000000000000f,1.07,8344,9,Quercus_pyrenaica/Quercus_ilex,2018-12-11T00:00:00Z,1669,36.95476,-3.31515,38,9.0,QUER_PORTUGOS,PORTUGOS,"{""type"":""Point"",""coordinates"":[-3.315154350992766,36.95475538942218]}"
2015_01_01_00000000000000000001,1.84,6827,3,Pinus_nigra,2018-05-10T00:00:00Z,1646,37.14336,-3.14902,39,9.0,PINIG_LANTEIRA_M,LANTEIRA_M,"{""type"":""Point"",""coordinates"":[-3.14901716394348,37.14335752757873]}"
2015_01_01_00000000000000000002,1.29,6754,5,Pinus_nigra,2021-10-27T00:00:00Z,1585,37.14837,-3.14652,40,13.3,PINIG_LANTEIRA_L2,LANTEIRA_L2,"{""type"":""Point"",""coordinates"":[-3.14652006735355,37.1483695571628]}"
2015_01_01_00000000000000000003,1.95,6821,7,Pinus_nigra,2020-10-06T00:00:00Z,1810,37.132,-3.147,41,8.9,PINIG_LANTEIRA_H,LANTEIRA_H,"{""type"":""Point"",""coordinates"":[-3.1470016502673217,37.1320001971956]}"
2015_01_01_0000000000000000000d,NA,6529,9,Quercus_ilex,2018-11-13T00:00:00Z,1541,37.14269,-2.88892,137,10.0,QUILE_FINANA,FIÑANA,"{""type"":""Point"",""coordinates"":[-2.888917799495981,37.1426886624207]}"
2015_01_01_0000000000000000000e,NA,6597,11,Quercus_ilex,2018-11-20T00:00:00Z,1811,37.12968,-2.89109,NA,9.0,QUILE_ABRUCENA,ABRUCENA,"{""type"":""Point"",""coordinates"":[-2.891089381709009,37.12967700554675]}"
2015_01_01_00000000000000000004,1.08,5968,5,Pinus_pinaster,2021-10-27T00:00:00Z,1433,37.15454,-3.13756,37,12.1,PIPIN_LANTEIRA_L2,LANTERIA_L2,"{""type"":""Point"",""coordinates"":[-3.137561733337176,37.15454095302077]}"
2015_01_01_00000000000000000005,1.48,6279,9,Pinus_pinaster,2021-10-26T00:00:00Z,1353,37.18253,-3.17767,41,11.6,PIPIN_JEREZ_L,JEREZ_L,"{""type"":""Point"",""coordinates"":[-3.177671347312922,37.18253073033325]}"
2015_01_01_00000000000000000006,1.73,6834,5,Pinus_pinaster,2018-05-09T00:00:00Z,1605,37.16089,-3.19681,33,11.0,PIPIN_JEREZ_M,JEREZ_M,"{""type"":""Point"",""coordinates"":[-3.196805349933258,37.160890712920875]}"
2015_01_01_00000000000000000007,1.94,6531,7,Pinus_pinaster,2020-10-06T00:00:00Z,1770,37.135,-3.198,40,9.0,PIPIN_JEREZ_H,JEREZ_H,"{""type"":""Point"",""coordinates"":[-3.1980003890155833,37.13500117220457]}"
2015_01_01_00000000000000000000,1.59,5927,8,Pinus_halepensis,2018-12-28T00:00:00Z,1212,37.08871,-2.68649,41,10.0,PIHAL_NACIMIENTO_M,NAC_HALEPENSIS,"{""type"":""Point"",""coordinates"":[-2.686487988972699,37.088711244168756]}"
2015_01_01_00000000000000000010,1.33,2144,25,Pinus_halepensis,2022-06-13T00:00:00Z,974,37.1101,-2.69854,41,8.7,PIHAL_NACIMIENTO_L,NAC_HALEPENSIS_2,"{""type"":""Point"",""coordinates"":[-2.6985409391201634,37.11010155192212]}"
2015_01_01_00000000000000000011,1.36,4561,11,Pinus_halepensis,2022-06-15T00:00:00Z,1359,37.16982,-3.05232,40,11.3,PIHAL_RAGUA_H,RAG PIHA 3,"{""type"":""Point"",""coordinates"":[-3.052321557599505,37.16981783322988]}"
2015_01_01_00000000000000000008,3.11,8979,11,Pinus_sylvestris,2018-11-28T00:00:00Z,1633,36.95607,-3.30093,37,13.0,PISYL_PORTUGOS_L,PORTUGOS_L,"{""type"":""Point"",""coordinates"":[-3.3009298186322735,36.9560663651319]}"
2015_01_01_00000000000000000009,3.36,8456,15,Pinus_sylvestris,2018-12-11T00:00:00Z,1748,36.96002,-3.30361,47,9.0,PISYL_PORTUGOS_M,PORTUGOS_M,"{""type"":""Point"",""coordinates"":[-3.3036097383653944,36.96001712866525]}"
2015_01_01_0000000000000000000a,3.63,7060,19,Pinus_sylvestris,2018-11-28T00:00:00Z,2000,36.96598,-3.31321,35,9.0,PISYL_PORTUGOS_H,PORTUGOS_H,"{""type"":""Point"",""coordinates"":[-3.313214642034517,36.9659789467737]}"
2015_01_01_0000000000000000000b,1.59,6409,19,Quercus_pyrenaica,2018-10-24T00:00:00Z,1729,36.95328,-3.42906,59,10.0,QUPYR_CANAR_L,CAN_L,"{""type"":""Point"",""coordinates"":[-3.429062087403041,36.95327942697349]}"
2015_01_01_0000000000000000000c,NA,5098,22,Quercus_pyrenaica,2018-11-30T00:00:00Z,1897,36.96031,-3.43163,59,9.0,QUPYR_CANAR_H,CAN_H,"{""type"":""Point"",""coordinates"":[-3.431626070508772,36.960306970233724]}"
2015_01_01_0000000000000000000f,1.07,7486,8,Quercus_pyrenaica/Quercus_ilex,2018-12-11T00:00:00Z,1669,36.95476,-3.31515,38,9.0,QUER_PORTUGOS,PORTUGOS,"{""type"":""Point"",""coordinates"":[-3.315154350992766,36.95475538942218]}"
2016_01_01_00000000000000000001,1.84,6898,9,Pinus_nigra,2018-05-10T00:00:00Z,1646,37.14336,-3.14902,39,9.0,PINIG_LANTEIRA_M,LANTEIRA_M,"{""type"":""Point"",""coordinates"":[-3.14901716394348,37.14335752757873]}"
2016_01_01_00000000000000000002,1.29,6548,11,Pinus_nigra,2021-10-27T00:00:00Z,1585,37.14837,-3.14652,40,13.3,PINIG_LANTEIRA_L2,LANTEIRA_L2,"{""type"":""Point"",""coordinates"":[-3.14652006735355,37.1483695571628]}"
2016_01_01_00000000000000000003,1.95,6659,11,Pinus_nigra,2020-10-06T00:00:00Z,1810,37.132,-3.147,41,8.9,PINIG_LANTEIRA_H,LANTEIRA_H,"{""type"":""Point"",""coordinates"":[-3.1470016502673217,37.1320001971956]}"
2016_01_01_0000000000000000000d,NA,6483,9,Quercus_ilex,2018-11-13T00:00:00Z,1541,37.14269,-2.88892,137,10.0,QUILE_FINANA,FIÑANA,"{""type"":""Point"",""coordinates"":[-2.888917799495981,37.1426886624207]}"
2016_01_01_0000000000000000000e,NA,6666,7,Quercus_ilex,2018-11-20T00:00:00Z,1811,37.12968,-2.89109,NA,9.0,QUILE_ABRUCENA,ABRUCENA,"{""type"":""Point"",""coordinates"":[-2.891089381709009,37.12967700554675]}"
2016_01_01_00000000000000000004,1.08,5024,18,Pinus_pinaster,2021-10-27T00:00:00Z,1433,37.15454,-3.13756,37,12.1,PIPIN_LANTEIRA_L2,LANTERIA_L2,"{""type"":""Point"",""coordinates"":[-3.137561733337176,37.15454095302077]}"
2016_01_01_00000000000000000005,1.48,6142,5,Pinus_pinaster,2021-10-26T00:00:00Z,1353,37.18253,-3.17767,41,11.6,PIPIN_JEREZ_L,JEREZ_L,"{""type"":""Point"",""coordinates"":[-3.177671347312922,37.18253073033325]}"
2016_01_01_00000000000000000006,1.73,7583,11,Pinus_pinaster,2018-05-09T00:00:00Z,1605,37.16089,-3.19681,33,11.0,PIPIN_JEREZ_M,JEREZ_M,"{""type"":""Point"",""coordinates"":[-3.196805349933258,37.160890712920875]}"
2016_01_01_00000000000000000007,1.94,7548,9,Pinus_pinaster,2020-10-06T00:00:00Z,1770,37.135,-3.198,40,9.0,PIPIN_JEREZ_H,JEREZ_H,"{""type"":""Point"",""coordinates"":[-3.1980003890155833,37.13500117220457]}"
2016_01_01_00000000000000000000,1.59,6079,14,Pinus_halepensis,2018-12-28T00:00:00Z,1212,37.08871,-2.68649,41,10.0,PIHAL_NACIMIENTO_M,NAC_HALEPENSIS,"{""type"":""Point"",""coordinates"":[-2.686487988972699,37.088711244168756]}"
2016_01_01_00000000000000000010,1.33,1668,29,Pinus_halepensis,2022-06-13T00:00:00Z,974,37.1101,-2.69854,41,8.7,PIHAL_NACIMIENTO_L,NAC_HALEPENSIS_2,"{""type"":""Point"",""coordinates"":[-2.6985409391201634,37.11010155192212]}"
2016_01_01_00000000000000000011,1.36,4267,9,Pinus_halepensis,2022-06-15T00:00:00Z,1359,37.16982,-3.05232,40,11.3,PIHAL_RAGUA_H,RAG PIHA 3,"{""type"":""Point"",""coordinates"":[-3.052321557599505,37.16981783322988]}"
2016_01_01_00000000000000000008,3.11,9204,17,Pinus_sylvestris,2018-11-28T00:00:00Z,1633,36.95607,-3.30093,37,13.0,PISYL_PORTUGOS_L,PORTUGOS_L,"{""type"":""Point"",""coordinates"":[-3.3009298186322735,36.9560663651319]}"
2016_01_01_00000000000000000009,3.36,8554,13,Pinus_sylvestris,2018-12-11T00:00:00Z,1748,36.96002,-3.30361,47,9.0,PISYL_PORTUGOS_M,PORTUGOS_M,"{""type"":""Point"",""coordinates"":[-3.3036097383653944,36.96001712866525]}"
2016_01_01_0000000000000000000a,3.63,6640,22,Pinus_sylvestris,2018-11-28T00:00:00Z,2000,36.96598,-3.31321,35,9.0,PISYL_PORTUGOS_H,PORTUGOS_H,"{""type"":""Point"",""coordinates"":[-3.313214642034517,36.9659789467737]}"
2016_01_01_0000000000000000000b,1.59,6350,22,Quercus_pyrenaica,2018-10-24T00:00:00Z,1729,36.95328,-3.42906,59,10.0,QUPYR_CANAR_L,CAN_L,"{""type"":""Point"",""coordinates"":[-3.429062087403041,36.95327942697349]}"
2016_01_01_0000000000000000000c,NA,5184,22,Quercus_pyrenaica,2018-11-30T00:00:00Z,1897,36.96031,-3.43163,59,9.0,QUPYR_CANAR_H,CAN_H,"{""type"":""Point"",""coordinates"":[-3.431626070508772,36.960306970233724]}"
2016_01_01_0000000000000000000f,1.07,7546,22,Quercus_pyrenaica/Quercus_ilex,2018-12-11T00:00:00Z,1669,36.95476,-3.31515,38,9.0,QUER_PORTUGOS,PORTUGOS,"{""type"":""Point"",""coordinates"":[-3.315154350992766,36.95475538942218]}"
2017_01_01_00000000000000000001,1.84,6308,0,Pinus_nigra,2018-05-10T00:00:00Z,1646,37.14336,-3.14902,39,9.0,PINIG_LANTEIRA_M,LANTEIRA_M,"{""type"":""Point"",""coordinates"":[-3.14901716394348,37.14335752757873]}"
2017_01_01_00000000000000000002,1.29,6233,7,Pinus_nigra,2021-10-27T00:00:00Z,1585,37.14837,-3.14652,40,13.3,PINIG_LANTEIRA_L2,LANTEIRA_L2,"{""type"":""Point"",""coordinates"":[-3.14652006735355,37.1483695571628]}"
2017_01_01_00000000000000000003,1.95,6601,14,Pinus_nigra,2020-10-06T00:00:00Z,1810,37.132,-3.147,41,8.9,PINIG_LANTEIRA_H,LANTEIRA_H,"{""type"":""Point"",""coordinates"":[-3.1470016502673217,37.1320001971956]}"
2017_01_01_0000000000000000000d,NA,6256,7,Quercus_ilex,2018-11-13T00:00:00Z,1541,37.14269,-2.88892,137,10.0,QUILE_FINANA,FIÑANA,"{""type"":""Point"",""coordinates"":[-2.888917799495981,37.1426886624207]}"
2017_01_01_0000000000000000000e,NA,6457,0,Quercus_ilex,2018-11-20T00:00:00Z,1811,37.12968,-2.89109,NA,9.0,QUILE_ABRUCENA,ABRUCENA,"{""type"":""Point"",""coordinates"":[-2.891089381709009,37.12967700554675]}"
2017_01_01_00000000000000000004,1.08,4999,3,Pinus_pinaster,2021-10-27T00:00:00Z,1433,37.15454,-3.13756,37,12.1,PIPIN_LANTEIRA_L2,LANTERIA_L2,"{""type"":""Point"",""coordinates"":[-3.137561733337176,37.15454095302077]}"
2017_01_01_00000000000000000005,1.48,5757,7,Pinus_pinaster,2021-10-26T00:00:00Z,1353,37.18253,-3.17767,41,11.6,PIPIN_JEREZ_L,JEREZ_L,"{""type"":""Point"",""coordinates"":[-3.177671347312922,37.18253073033325]}"
2017_01_01_00000000000000000006,1.73,6877,3,Pinus_pinaster,2018-05-09T00:00:00Z,1605,37.16089,-3.19681,33,11.0,PIPIN_JEREZ_M,JEREZ_M,"{""type"":""Point"",""coordinates"":[-3.196805349933258,37.160890712920875]}"
2017_01_01_00000000000000000007,1.94,6947,11,Pinus_pinaster,2020-10-06T00:00:00Z,1770,37.135,-3.198,40,9.0,PIPIN_JEREZ_H,JEREZ_H,"{""type"":""Point"",""coordinates"":[-3.1980003890155833,37.13500117220457]}"
2017_01_01_00000000000000000000,1.59,6555,3,Pinus_halepensis,2018-12-28T00:00:00Z,1212,37.08871,-2.68649,41,10.0,PIHAL_NACIMIENTO_M,NAC_HALEPENSIS,"{""type"":""Point"",""coordinates"":[-2.686487988972699,37.088711244168756]}"
2017_01_01_00000000000000000010,1.33,2702,14,Pinus_halepensis,2022-06-13T00:00:00Z,974,37.1101,-2.69854,41,8.7,PIHAL_NACIMIENTO_L,NAC_HALEPENSIS_2,"{""type"":""Point"",""coordinates"":[-2.6985409391201634,37.11010155192212]}"
2017_01_01_00000000000000000011,1.36,4578,5,Pinus_halepensis,2022-06-15T00:00:00Z,1359,37.16982,-3.05232,40,11.3,PIHAL_RAGUA_H,RAG PIHA 3,"{""type"":""Point"",""coordinates"":[-3.052321557599505,37.16981783322988]}"
2017_01_01_00000000000000000008,3.11,9093,13,Pinus_sylvestris,2018-11-28T00:00:00Z,1633,36.95607,-3.30093,37,13.0,PISYL_PORTUGOS_L,PORTUGOS_L,"{""type"":""Point"",""coordinates"":[-3.3009298186322735,36.9560663651319]}"
2017_01_01_00000000000000000009,3.36,8392,11,Pinus_sylvestris,2018-12-11T00:00:00Z,1748,36.96002,-3.30361,47,9.0,PISYL_PORTUGOS_M,PORTUGOS_M,"{""type"":""Point"",""coordinates"":[-3.3036097383653944,36.96001712866525]}"
2017_01_01_0000000000000000000a,3.63,7182,18,Pinus_sylvestris,2018-11-28T00:00:00Z,2000,36.96598,-3.31321,35,9.0,PISYL_PORTUGOS_H,PORTUGOS_H,"{""type"":""Point"",""coordinates"":[-3.313214642034517,36.9659789467737]}"
2017_01_01_0000000000000000000b,1.59,6325,17,Quercus_pyrenaica,2018-10-24T00:00:00Z,1729,36.95328,-3.42906,59,10.0,QUPYR_CANAR_L,CAN_L,"{""type"":""Point"",""coordinates"":[-3.429062087403041,36.95327942697349]}"
2017_01_01_0000000000000000000c,NA,4961,14,Quercus_pyrenaica,2018-11-30T00:00:00Z,1897,36.96031,-3.43163,59,9.0,QUPYR_CANAR_H,CAN_H,"{""type"":""Point"",""coordinates"":[-3.431626070508772,36.960306970233724]}"
2017_01_01_0000000000000000000f,1.07,7532,13,Quercus_pyrenaica/Quercus_ilex,2018-12-11T00:00:00Z,1669,36.95476,-3.31515,38,9.0,QUER_PORTUGOS,PORTUGOS,"{""type"":""Point"",""coordinates"":[-3.315154350992766,36.95475538942218]}"
2018_01_01_00000000000000000001,1.84,7413,14,Pinus_nigra,2018-05-10T00:00:00Z,1646,37.14336,-3.14902,39,9.0,PINIG_LANTEIRA_M,LANTEIRA_M,"{""type"":""Point"",""coordinates"":[-3.14901716394348,37.14335752757873]}"
2018_01_01_00000000000000000002,1.29,7333,14,Pinus_nigra,2021-10-27T00:00:00Z,1585,37.14837,-3.14652,40,13.3,PINIG_LANTEIRA_L2,LANTEIRA_L2,"{""type"":""Point"",""coordinates"":[-3.14652006735355,37.1483695571628]}"
2018_01_01_00000000000000000003,1.95,7437,22,Pinus_nigra,2020-10-06T00:00:00Z,1810,37.132,-3.147,41,8.9,PINIG_LANTEIRA_H,LANTEIRA_H,"{""type"":""Point"",""coordinates"":[-3.1470016502673217,37.1320001971956]}"
2018_01_01_0000000000000000000d,NA,7066,5,Quercus_ilex,2018-11-13T00:00:00Z,1541,37.14269,-2.88892,137,10.0,QUILE_FINANA,FIÑANA,"{""type"":""Point"",""coordinates"":[-2.888917799495981,37.1426886624207]}"
2018_01_01_0000000000000000000e,NA,7224,7,Quercus_ilex,2018-11-20T00:00:00Z,1811,37.12968,-2.89109,NA,9.0,QUILE_ABRUCENA,ABRUCENA,"{""type"":""Point"",""coordinates"":[-2.891089381709009,37.12967700554675]}"
2018_01_01_00000000000000000004,1.08,6509,9,Pinus_pinaster,2021-10-27T00:00:00Z,1433,37.15454,-3.13756,37,12.1,PIPIN_LANTEIRA_L2,LANTERIA_L2,"{""type"":""Point"",""coordinates"":[-3.137561733337176,37.15454095302077]}"
2018_01_01_00000000000000000005,1.48,6972,9,Pinus_pinaster,2021-10-26T00:00:00Z,1353,37.18253,-3.17767,41,11.6,PIPIN_JEREZ_L,JEREZ_L,"{""type"":""Point"",""coordinates"":[-3.177671347312922,37.18253073033325]}"
2018_01_01_00000000000000000006,1.73,7711,16,Pinus_pinaster,2018-05-09T00:00:00Z,1605,37.16089,-3.19681,33,11.0,PIPIN_JEREZ_M,JEREZ_M,"{""type"":""Point"",""coordinates"":[-3.196805349933258,37.160890712920875]}"
2018_01_01_00000000000000000007,1.94,7814,31,Pinus_pinaster,2020-10-06T00:00:00Z,1770,37.135,-3.198,40,9.0,PIPIN_JEREZ_H,JEREZ_H,"{""type"":""Point"",""coordinates"":[-3.1980003890155833,37.13500117220457]}"
2018_01_01_00000000000000000000,1.59,7036,7,Pinus_halepensis,2018-12-28T00:00:00Z,1212,37.08871,-2.68649,41,10.0,PIHAL_NACIMIENTO_M,NAC_HALEPENSIS,"{""type"":""Point"",""coordinates"":[-2.686487988972699,37.088711244168756]}"
2018_01_01_00000000000000000010,1.33,2987,0,Pinus_halepensis,2022-06-13T00:00:00Z,974,37.1101,-2.69854,41,8.7,PIHAL_NACIMIENTO_L,NAC_HALEPENSIS_2,"{""type"":""Point"",""coordinates"":[-2.6985409391201634,37.11010155192212]}"
2018_01_01_00000000000000000011,1.36,6136,7,Pinus_halepensis,2022-06-15T00:00:00Z,1359,37.16982,-3.05232,40,11.3,PIHAL_RAGUA_H,RAG PIHA 3,"{""type"":""Point"",""coordinates"":[-3.052321557599505,37.16981783322988]}"
2018_01_01_00000000000000000008,3.11,9655,7,Pinus_sylvestris,2018-11-28T00:00:00Z,1633,36.95607,-3.30093,37,13.0,PISYL_PORTUGOS_L,PORTUGOS_L,"{""type"":""Point"",""coordinates"":[-3.3009298186322735,36.9560663651319]}"
2018_01_01_00000000000000000009,3.36,8694,6,Pinus_sylvestris,2018-12-11T00:00:00Z,1748,36.96002,-3.30361,47,9.0,PISYL_PORTUGOS_M,PORTUGOS_M,"{""type"":""Point"",""coordinates"":[-3.3036097383653944,36.96001712866525]}"
2018_01_01_0000000000000000000a,3.63,7790,31,Pinus_sylvestris,2018-11-28T00:00:00Z,2000,36.96598,-3.31321,35,9.0,PISYL_PORTUGOS_H,PORTUGOS_H,"{""type"":""Point"",""coordinates"":[-3.313214642034517,36.9659789467737]}"
2018_01_01_0000000000000000000b,1.59,6425,14,Quercus_pyrenaica,2018-10-24T00:00:00Z,1729,36.95328,-3.42906,59,10.0,QUPYR_CANAR_L,CAN_L,"{""type"":""Point"",""coordinates"":[-3.429062087403041,36.95327942697349]}"
2018_01_01_0000000000000000000c,NA,4907,22,Quercus_pyrenaica,2018-11-30T00:00:00Z,1897,36.96031,-3.43163,59,9.0,QUPYR_CANAR_H,CAN_H,"{""type"":""Point"",""coordinates"":[-3.431626070508772,36.960306970233724]}"
2018_01_01_0000000000000000000f,1.07,7829,22,Quercus_pyrenaica/Quercus_ilex,2018-12-11T00:00:00Z,1669,36.95476,-3.31515,38,9.0,QUER_PORTUGOS,PORTUGOS,"{""type"":""Point"",""coordinates"":[-3.315154350992766,36.95475538942218]}"
2019_01_01_00000000000000000001,1.84,7488,3,Pinus_nigra,2018-05-10T00:00:00Z,1646,37.14336,-3.14902,39,9.0,PINIG_LANTEIRA_M,LANTEIRA_M,"{""type"":""Point"",""coordinates"":[-3.14901716394348,37.14335752757873]}"
2019_01_01_00000000000000000002,1.29,7392,5,Pinus_nigra,2021-10-27T00:00:00Z,1585,37.14837,-3.14652,40,13.3,PINIG_LANTEIRA_L2,LANTEIRA_L2,"{""type"":""Point"",""coordinates"":[-3.14652006735355,37.1483695571628]}"
2019_01_01_00000000000000000003,1.95,7743,5,Pinus_nigra,2020-10-06T00:00:00Z,1810,37.132,-3.147,41,8.9,PINIG_LANTEIRA_H,LANTEIRA_H,"{""type"":""Point"",""coordinates"":[-3.1470016502673217,37.1320001971956]}"
2019_01_01_0000000000000000000d,NA,6833,4,Quercus_ilex,2018-11-13T00:00:00Z,1541,37.14269,-2.88892,137,10.0,QUILE_FINANA,FIÑANA,"{""type"":""Point"",""coordinates"":[-2.888917799495981,37.1426886624207]}"
2019_01_01_0000000000000000000e,NA,7025,6,Quercus_ilex,2018-11-20T00:00:00Z,1811,37.12968,-2.89109,NA,9.0,QUILE_ABRUCENA,ABRUCENA,"{""type"":""Point"",""coordinates"":[-2.891089381709009,37.12967700554675]}"
2019_01_01_00000000000000000004,1.08,6283,3,Pinus_pinaster,2021-10-27T00:00:00Z,1433,37.15454,-3.13756,37,12.1,PIPIN_LANTEIRA_L2,LANTERIA_L2,"{""type"":""Point"",""coordinates"":[-3.137561733337176,37.15454095302077]}"
2019_01_01_00000000000000000005,1.48,6907,5,Pinus_pinaster,2021-10-26T00:00:00Z,1353,37.18253,-3.17767,41,11.6,PIPIN_JEREZ_L,JEREZ_L,"{""type"":""Point"",""coordinates"":[-3.177671347312922,37.18253073033325]}"
2019_01_01_00000000000000000006,1.73,7841,3,Pinus_pinaster,2018-05-09T00:00:00Z,1605,37.16089,-3.19681,33,11.0,PIPIN_JEREZ_M,JEREZ_M,"{""type"":""Point"",""coordinates"":[-3.196805349933258,37.160890712920875]}"
2019_01_01_00000000000000000007,1.94,7864,3,Pinus_pinaster,2020-10-06T00:00:00Z,1770,37.135,-3.198,40,9.0,PIPIN_JEREZ_H,JEREZ_H,"{""type"":""Point"",""coordinates"":[-3.1980003890155833,37.13500117220457]}"
2019_01_01_00000000000000000000,1.59,6305,3,Pinus_halepensis,2018-12-28T00:00:00Z,1212,37.08871,-2.68649,41,10.0,PIHAL_NACIMIENTO_M,NAC_HALEPENSIS,"{""type"":""Point"",""coordinates"":[-2.686487988972699,37.088711244168756]}"
2019_01_01_00000000000000000010,1.33,3160,3,Pinus_halepensis,2022-06-13T00:00:00Z,974,37.1101,-2.69854,41,8.7,PIHAL_NACIMIENTO_L,NAC_HALEPENSIS_2,"{""type"":""Point"",""coordinates"":[-2.6985409391201634,37.11010155192212]}"
2019_01_01_00000000000000000011,1.36,5452,5,Pinus_halepensis,2022-06-15T00:00:00Z,1359,37.16982,-3.05232,40,11.3,PIHAL_RAGUA_H,RAG PIHA 3,"{""type"":""Point"",""coordinates"":[-3.052321557599505,37.16981783322988]}"
2019_01_01_00000000000000000008,3.11,9605,7,Pinus_sylvestris,2018-11-28T00:00:00Z,1633,36.95607,-3.30093,37,13.0,PISYL_PORTUGOS_L,PORTUGOS_L,"{""type"":""Point"",""coordinates"":[-3.3009298186322735,36.9560663651319]}"
2019_01_01_00000000000000000009,3.36,9035,7,Pinus_sylvestris,2018-12-11T00:00:00Z,1748,36.96002,-3.30361,47,9.0,PISYL_PORTUGOS_M,PORTUGOS_M,"{""type"":""Point"",""coordinates"":[-3.3036097383653944,36.96001712866525]}"
2019_01_01_0000000000000000000a,3.63,7607,9,Pinus_sylvestris,2018-11-28T00:00:00Z,2000,36.96598,-3.31321,35,9.0,PISYL_PORTUGOS_H,PORTUGOS_H,"{""type"":""Point"",""coordinates"":[-3.313214642034517,36.9659789467737]}"
2019_01_01_0000000000000000000b,1.59,6477,7,Quercus_pyrenaica,2018-10-24T00:00:00Z,1729,36.95328,-3.42906,59,10.0,QUPYR_CANAR_L,CAN_L,"{""type"":""Point"",""coordinates"":[-3.429062087403041,36.95327942697349]}"
2019_01_01_0000000000000000000c,NA,5279,11,Quercus_pyrenaica,2018-11-30T00:00:00Z,1897,36.96031,-3.43163,59,9.0,QUPYR_CANAR_H,CAN_H,"{""type"":""Point"",""coordinates"":[-3.431626070508772,36.960306970233724]}"
2019_01_01_0000000000000000000f,1.07,8013,5,Quercus_pyrenaica/Quercus_ilex,2018-12-11T00:00:00Z,1669,36.95476,-3.31515,38,9.0,QUER_PORTUGOS,PORTUGOS,"{""type"":""Point"",""coordinates"":[-3.315154350992766,36.95475538942218]}"
2020_01_01_00000000000000000001,1.84,7393,5,Pinus_nigra,2018-05-10T00:00:00Z,1646,37.14336,-3.14902,39,9.0,PINIG_LANTEIRA_M,LANTEIRA_M,"{""type"":""Point"",""coordinates"":[-3.14901716394348,37.14335752757873]}"
2020_01_01_00000000000000000002,1.29,7244,5,Pinus_nigra,2021-10-27T00:00:00Z,1585,37.14837,-3.14652,40,13.3,PINIG_LANTEIRA_L2,LANTEIRA_L2,"{""type"":""Point"",""coordinates"":[-3.14652006735355,37.1483695571628]}"
2020_01_01_00000000000000000003,1.95,7686,16,Pinus_nigra,2020-10-06T00:00:00Z,1810,37.132,-3.147,41,8.9,PINIG_LANTEIRA_H,LANTEIRA_H,"{""type"":""Point"",""coordinates"":[-3.1470016502673217,37.1320001971956]}"
2020_01_01_0000000000000000000d,NA,6177,11,Quercus_ilex,2018-11-13T00:00:00Z,1541,37.14269,-2.88892,137,10.0,QUILE_FINANA,FIÑANA,"{""type"":""Point"",""coordinates"":[-2.888917799495981,37.1426886624207]}"
2020_01_01_0000000000000000000e,NA,6358,9,Quercus_ilex,2018-11-20T00:00:00Z,1811,37.12968,-2.89109,NA,9.0,QUILE_ABRUCENA,ABRUCENA,"{""type"":""Point"",""coordinates"":[-2.891089381709009,37.12967700554675]}"
2020_01_01_00000000000000000004,1.08,5963,9,Pinus_pinaster,2021-10-27T00:00:00Z,1433,37.15454,-3.13756,37,12.1,PIPIN_LANTEIRA_L2,LANTERIA_L2,"{""type"":""Point"",""coordinates"":[-3.137561733337176,37.15454095302077]}"
2020_01_01_00000000000000000005,1.48,6557,7,Pinus_pinaster,2021-10-26T00:00:00Z,1353,37.18253,-3.17767,41,11.6,PIPIN_JEREZ_L,JEREZ_L,"{""type"":""Point"",""coordinates"":[-3.177671347312922,37.18253073033325]}"
2020_01_01_00000000000000000006,1.73,7047,13,Pinus_pinaster,2018-05-09T00:00:00Z,1605,37.16089,-3.19681,33,11.0,PIPIN_JEREZ_M,JEREZ_M,"{""type"":""Point"",""coordinates"":[-3.196805349933258,37.160890712920875]}"
2020_01_01_00000000000000000007,1.94,7668,11,Pinus_pinaster,2020-10-06T00:00:00Z,1770,37.135,-3.198,40,9.0,PIPIN_JEREZ_H,JEREZ_H,"{""type"":""Point"",""coordinates"":[-3.1980003890155833,37.13500117220457]}"
2020_01_01_00000000000000000000,1.59,5481,7,Pinus_halepensis,2018-12-28T00:00:00Z,1212,37.08871,-2.68649,41,10.0,PIHAL_NACIMIENTO_M,NAC_HALEPENSIS,"{""type"":""Point"",""coordinates"":[-2.686487988972699,37.088711244168756]}"
2020_01_01_00000000000000000010,1.33,2483,9,Pinus_halepensis,2022-06-13T00:00:00Z,974,37.1101,-2.69854,41,8.7,PIHAL_NACIMIENTO_L,NAC_HALEPENSIS_2,"{""type"":""Point"",""coordinates"":[-2.6985409391201634,37.11010155192212]}"
2020_01_01_00000000000000000011,1.36,5056,11,Pinus_halepensis,2022-06-15T00:00:00Z,1359,37.16982,-3.05232,40,11.3,PIHAL_RAGUA_H,RAG PIHA 3,"{""type"":""Point"",""coordinates"":[-3.052321557599505,37.16981783322988]}"
2020_01_01_00000000000000000008,3.11,9108,14,Pinus_sylvestris,2018-11-28T00:00:00Z,1633,36.95607,-3.30093,37,13.0,PISYL_PORTUGOS_L,PORTUGOS_L,"{""type"":""Point"",""coordinates"":[-3.3009298186322735,36.9560663651319]}"
2020_01_01_00000000000000000009,3.36,8904,18,Pinus_sylvestris,2018-12-11T00:00:00Z,1748,36.96002,-3.30361,47,9.0,PISYL_PORTUGOS_M,PORTUGOS_M,"{""type"":""Point"",""coordinates"":[-3.3036097383653944,36.96001712866525]}"
2020_01_01_0000000000000000000a,3.63,7394,20,Pinus_sylvestris,2018-11-28T00:00:00Z,2000,36.96598,-3.31321,35,9.0,PISYL_PORTUGOS_H,PORTUGOS_H,"{""type"":""Point"",""coordinates"":[-3.313214642034517,36.9659789467737]}"
2020_01_01_0000000000000000000b,1.59,6545,15,Quercus_pyrenaica,2018-10-24T00:00:00Z,1729,36.95328,-3.42906,59,10.0,QUPYR_CANAR_L,CAN_L,"{""type"":""Point"",""coordinates"":[-3.429062087403041,36.95327942697349]}"
2020_01_01_0000000000000000000c,NA,5203,13,Quercus_pyrenaica,2018-11-30T00:00:00Z,1897,36.96031,-3.43163,59,9.0,QUPYR_CANAR_H,CAN_H,"{""type"":""Point"",""coordinates"":[-3.431626070508772,36.960306970233724]}"
2020_01_01_0000000000000000000f,1.07,7806,9,Quercus_pyrenaica/Quercus_ilex,2018-12-11T00:00:00Z,1669,36.95476,-3.31515,38,9.0,QUER_PORTUGOS,PORTUGOS,"{""type"":""Point"",""coordinates"":[-3.315154350992766,36.95475538942218]}"
2021_01_01_00000000000000000001,1.84,7971,14,Pinus_nigra,2018-05-10T00:00:00Z,1646,37.14336,-3.14902,39,9.0,PINIG_LANTEIRA_M,LANTEIRA_M,"{""type"":""Point"",""coordinates"":[-3.14901716394348,37.14335752757873]}"
2021_01_01_00000000000000000002,1.29,7953,7,Pinus_nigra,2021-10-27T00:00:00Z,1585,37.14837,-3.14652,40,13.3,PINIG_LANTEIRA_L2,LANTEIRA_L2,"{""type"":""Point"",""coordinates"":[-3.14652006735355,37.1483695571628]}"
2021_01_01_00000000000000000003,1.95,8135,16,Pinus_nigra,2020-10-06T00:00:00Z,1810,37.132,-3.147,41,8.9,PINIG_LANTEIRA_H,LANTEIRA_H,"{""type"":""Point"",""coordinates"":[-3.1470016502673217,37.1320001971956]}"
2021_01_01_0000000000000000000d,NA,7164,7,Quercus_ilex,2018-11-13T00:00:00Z,1541,37.14269,-2.88892,137,10.0,QUILE_FINANA,FIÑANA,"{""type"":""Point"",""coordinates"":[-2.888917799495981,37.1426886624207]}"
2021_01_01_0000000000000000000e,NA,7445,7,Quercus_ilex,2018-11-20T00:00:00Z,1811,37.12968,-2.89109,NA,9.0,QUILE_ABRUCENA,ABRUCENA,"{""type"":""Point"",""coordinates"":[-2.891089381709009,37.12967700554675]}"
2021_01_01_00000000000000000004,1.08,6318,7,Pinus_pinaster,2021-10-27T00:00:00Z,1433,37.15454,-3.13756,37,12.1,PIPIN_LANTEIRA_L2,LANTERIA_L2,"{""type"":""Point"",""coordinates"":[-3.137561733337176,37.15454095302077]}"
2021_01_01_00000000000000000005,1.48,6962,7,Pinus_pinaster,2021-10-26T00:00:00Z,1353,37.18253,-3.17767,41,11.6,PIPIN_JEREZ_L,JEREZ_L,"{""type"":""Point"",""coordinates"":[-3.177671347312922,37.18253073033325]}"
2021_01_01_00000000000000000006,1.73,8452,7,Pinus_pinaster,2018-05-09T00:00:00Z,1605,37.16089,-3.19681,33,11.0,PIPIN_JEREZ_M,JEREZ_M,"{""type"":""Point"",""coordinates"":[-3.196805349933258,37.160890712920875]}"
2021_01_01_00000000000000000007,1.94,7934,14,Pinus_pinaster,2020-10-06T00:00:00Z,1770,37.135,-3.198,40,9.0,PIPIN_JEREZ_H,JEREZ_H,"{""type"":""Point"",""coordinates"":[-3.1980003890155833,37.13500117220457]}"
2021_01_01_00000000000000000000,1.59,6229,5,Pinus_halepensis,2018-12-28T00:00:00Z,1212,37.08871,-2.68649,41,10.0,PIHAL_NACIMIENTO_M,NAC_HALEPENSIS,"{""type"":""Point"",""coordinates"":[-2.686487988972699,37.088711244168756]}"
2021_01_01_00000000000000000010,1.33,2781,16,Pinus_halepensis,2022-06-13T00:00:00Z,974,37.1101,-2.69854,41,8.7,PIHAL_NACIMIENTO_L,NAC_HALEPENSIS_2,"{""type"":""Point"",""coordinates"":[-2.6985409391201634,37.11010155192212]}"
2021_01_01_00000000000000000011,1.36,4574,11,Pinus_halepensis,2022-06-15T00:00:00Z,1359,37.16982,-3.05232,40,11.3,PIHAL_RAGUA_H,RAG PIHA 3,"{""type"":""Point"",""coordinates"":[-3.052321557599505,37.16981783322988]}"
2021_01_01_00000000000000000008,3.11,9881,7,Pinus_sylvestris,2018-11-28T00:00:00Z,1633,36.95607,-3.30093,37,13.0,PISYL_PORTUGOS_L,PORTUGOS_L,"{""type"":""Point"",""coordinates"":[-3.3009298186322735,36.9560663651319]}"
2021_01_01_00000000000000000009,3.36,9061,3,Pinus_sylvestris,2018-12-11T00:00:00Z,1748,36.96002,-3.30361,47,9.0,PISYL_PORTUGOS_M,PORTUGOS_M,"{""type"":""Point"",""coordinates"":[-3.3036097383653944,36.96001712866525]}"
2021_01_01_0000000000000000000a,3.63,7967,9,Pinus_sylvestris,2018-11-28T00:00:00Z,2000,36.96598,-3.31321,35,9.0,PISYL_PORTUGOS_H,PORTUGOS_H,"{""type"":""Point"",""coordinates"":[-3.313214642034517,36.9659789467737]}"
2021_01_01_0000000000000000000b,1.59,6833,7,Quercus_pyrenaica,2018-10-24T00:00:00Z,1729,36.95328,-3.42906,59,10.0,QUPYR_CANAR_L,CAN_L,"{""type"":""Point"",""coordinates"":[-3.429062087403041,36.95327942697349]}"
2021_01_01_0000000000000000000c,NA,5469,14,Quercus_pyrenaica,2018-11-30T00:00:00Z,1897,36.96031,-3.43163,59,9.0,QUPYR_CANAR_H,CAN_H,"{""type"":""Point"",""coordinates"":[-3.431626070508772,36.960306970233724]}"
2021_01_01_0000000000000000000f,1.07,8056,6,Quercus_pyrenaica/Quercus_ilex,2018-12-11T00:00:00Z,1669,36.95476,-3.31515,38,9.0,QUER_PORTUGOS,PORTUGOS,"{""type"":""Point"",""coordinates"":[-3.315154350992766,36.95475538942218]}"
